segment,anomaly,predicted_anomaly,lof_score,mean,std,var,skew,kurtosis,diff_var,diff2_var,n_peaks
1163,1,1,-14.823626137885933,0.058783464347826,0.0412887620536583,0.0017047618719236,-0.0404633188625185,-1.676428010653943,0.0004021197422514,0.0007213289377808,1
648,1,1,-8.644996763116986,-2.205278111888112e-05,9.851380622244215e-06,9.704970016432881e-11,4.374560239157033,31.201842346507235,3.585515694721033e-11,7.133825191467117e-11,1
664,0,1,-7.147181274618025,0.07038959,0.0554387779080625,0.0030734580959394,0.1070411332894845,-1.4963336828024765,0.0004504217925652,7.823976702163827e-05,1
1068,1,1,-6.238185800866684,0.9779263,0.2431144036823199,0.05910461327781,-1.42320577198881,1.5923949521833831,0.0998786908990617,0.3033985781066877,1
1598,0,1,-5.501600092192584,0.0878156291666666,0.067789173193718,0.0045953720022878,-0.2715859609008185,-1.5495090344320197,0.0002705554052038,0.0001980048359754,1
1726,1,1,-4.940981160324588,0.3097762523809523,0.410672116785906,0.1686515875054168,0.7938081443067161,-1.1378673647947268,0.0850601132229089,0.2370171499536495,2
641,1,1,-4.909904116769539,-2.5333686930091185e-05,1.1354364583618578e-05,1.2892159509773188e-10,-1.2294571196622253,4.857953184279241,5.144291141983158e-11,1.505520283254357e-10,2
1727,1,1,-4.764084577952554,0.2096417563157894,0.2833886002618492,0.0803090987583701,0.8477825721084358,-1.0596690417199894,0.0751413122050478,0.2456558421232697,2
1043,1,1,-3.9077024636875644,0.9524663076923076,0.193186736671019,0.0373211152255976,-1.0134174028900902,0.8356358588804493,0.035049922363743,0.0810645998258677,1
1719,1,1,-3.2466747051558023,0.3305022972222222,0.3860353880982205,0.1490233208641437,0.8167309088887424,-0.8658019684742184,0.0459774867592625,0.0961598527669834,2
1752,0,1,-3.121591730866217,0.0047092451790633,0.0050035265619487,2.503527805612635e-05,0.4846273813574575,-1.3094623542063522,3.16275135690221e-06,9.47583663169806e-06,47
1748,1,1,-3.0824696123847386,0.0019561374585635,0.0055230396271194,3.0503966722732216e-05,3.371883022056913,11.27666974468313,2.3982927769617725e-06,4.072985470676666e-06,7
22,1,1,-3.033386736301229,-5.040148853641304e-06,1.5151888968130378e-05,2.2957973930255104e-10,-1.5093964027183435,0.5374727443578138,7.517321168711943e-12,1.5725877456716946e-11,6
143,1,1,-3.030902360105201,-3.762492839999999e-06,2.0560365315186575e-05,4.2272862189392705e-10,-0.4343601175481853,0.0211439257265477,9.94107949851559e-12,1.927378860534124e-11,1
1192,1,1,-3.0255937075680075,-2.436841717391304e-06,1.802352480708333e-05,3.248474464715481e-10,0.0148371308138016,-0.7937499091808826,4.817813928108371e-12,3.5959111826264696e-12,1
325,1,1,-3.012095290262658,1.8137951165236684e-05,1.0628627322047069e-05,1.1296771875096542e-10,-1.091506037374902,1.799849000819484,1.1859176407834736e-11,2.3782134058401076e-11,2
1718,1,1,-2.9935316825248717,0.12794355375,0.2067945972135688,0.0427640054367221,1.6056938361496074,1.3284876814436686,0.0406577678415155,0.1076491505162741,3
1724,1,1,-2.8302068251762043,0.121847269,0.2261392407738183,0.0511389562177589,1.8116260026050175,1.813093811922629,0.0413059340519708,0.1072909199724022,3
99,1,1,-2.7986865610256473,-6.080523601123596e-06,1.7276220773587747e-05,2.9846780421774486e-10,0.0054435665612418,-0.3642965800776485,6.760747639954245e-12,1.3071690773946318e-11,1
1708,1,1,-2.7966937532228253,0.2961731813235295,0.3394961567563118,0.1152576404523062,0.7256883999804471,-1.0646063560078491,0.0112671999752035,0.0300452794942408,2
1715,1,1,-2.748676775442097,0.157277114375,0.2410962747783119,0.0581274137119793,1.6609365486027905,1.3686948839035835,0.0166621535371518,0.0328770626716558,2
1087,1,1,-2.7476416172102254,0.206582197755102,0.2450660823404258,0.0600573847136843,1.3900337558749554,0.8904942499655539,0.0195292927092198,0.0620299476401521,2
1594,1,1,-2.6924805889425087,0.3023706285714285,0.2861258296182309,0.0818679903747209,0.4822160724615199,-1.2665140659803484,0.0122687447181804,0.0284954367795015,2
1764,0,1,-2.6643840734522595,0.0053113311945392,0.0056185995487254,3.1568660888938166e-05,0.5062466581173669,-1.2625628102752349,3.777504662102739e-06,1.1947242107331268e-05,41
1716,1,1,-2.6237870198471667,0.1207438866666666,0.1921324578806837,0.0369148813712727,1.641553285695747,1.5492519597542476,0.0144896053121577,0.0291916330387548,2
1352,1,1,-2.5806060353678997,-4.031308347826087e-06,1.6850983161294127e-05,2.839556335022182e-10,-0.3838735558993096,-0.4473788611046765,4.5974856608151415e-11,7.944306839406918e-11,1
1057,1,1,-2.564472638296452,0.9324502307692306,0.1376354073050378,0.0189435053440236,-0.2751094935546195,-0.758602169817812,0.0110157297148055,0.0226070197899008,1
1610,1,1,-2.5167433618362867,0.2222985774509803,0.3080866698485626,0.0949173961383772,1.0533804808736111,-0.4404618170167818,0.017396462436993,0.0465005591032741,2
7,0,1,-2.502864585860707,2.9907951973684204e-06,1.9605420855101433e-05,3.8437252690564615e-10,-0.0782942495914141,-0.736378555471322,3.793821108523652e-13,6.80787912571573e-13,1
1723,1,1,-2.462913838559613,0.3123967329411765,0.3787079953971192,0.1434197457777045,0.7804584951090155,-1.1201544797274157,0.032812591443596,0.0654933051934442,2
1605,1,1,-2.43632155324146,0.27070324225,0.282715346332219,0.0799279670517465,0.8074528625029034,-0.7854888984068671,0.014983119674075,0.0383685354764964,2
1760,0,1,-2.3792013277298887,0.0058061053918495,0.0061611218267481,3.795942216403236e-05,0.456636419778863,-1.4183006386479506,2.414923776414465e-06,6.739055136939431e-06,37
587,1,1,-2.3731169319924423,-1.5552824307692304e-05,1.7779597705584385e-05,3.1611409457242145e-10,-0.5134175414095293,-1.3762819913374904,2.56451577609813e-12,4.187942810283249e-12,1
1725,1,1,-2.3564516303735776,0.345782901,0.357453673205573,0.1277731284881566,0.8648094424724277,-0.7315644520171096,0.0321284715943241,0.0580657850742496,2
738,0,1,-2.346571809210185,5.8247679382608684e-06,1.2567071969244788e-05,1.5793129788017808e-10,-0.427683253996218,-0.4981263729232585,8.537799565288146e-13,5.600998989774679e-13,1
1751,1,1,-2.3219501551661756,0.0008884300877192,0.0026279092082969,6.905906807051749e-06,2.9975585551584496,8.145684999064907,1.5558733407214077e-06,3.4083557837635295e-06,10
1080,1,1,-2.3218421607433806,0.4740980078082192,0.4244955739358972,0.1801964922911667,0.2529213295848852,-1.43383027249795,0.0075728576342823,0.0119291437593097,2
1567,1,1,-2.2755809427306284,0.2530573447368421,0.2642157751684912,0.0698099758478867,0.5251729117770126,-1.278256619803714,0.0087776224665086,0.0200398003351572,2
1641,1,1,-2.2634177385520005,0.1948783812499999,0.2465284069145144,0.0607762554158083,0.9817396313419472,-0.5445896984313778,0.0078470531161295,0.0207762416046825,2
326,1,1,-2.2630992151447207,1.1632235745454546e-05,1.9991383538821774e-05,3.9965541579627424e-10,-0.494615983032901,-1.3301979863939783,3.459806799001585e-13,8.015032109244782e-13,1
524,1,1,-2.203119768195972,-9.060793025641027e-07,1.8385384675202978e-05,3.3802236965518836e-10,-0.5720569282504939,1.3072800937575595,1.1502601279965743e-10,3.3490310849049857e-10,2
1714,1,1,-2.1883551685455,0.1686966702702702,0.1532947159260577,0.0234992699308507,1.774506032761746,2.061673923482986,0.0123628284698218,0.0277270563253853,3
1646,1,1,-2.183327610910599,0.1866468684722222,0.2400060450451865,0.0576029016582321,1.2742384118361552,0.1971409960131613,0.009520890442412,0.0256100828615575,3
1765,0,1,-2.1640285003576354,0.0042542876836158,0.0053292756184073,2.840117861695113e-05,0.7956672621718277,-0.9422392906544044,2.2545406097813023e-06,6.425841215060795e-06,34
1442,0,1,-2.1632279950650966,-4.14206e-06,6.102281848792303e-06,3.723784376210001e-11,-0.0437934010465207,-1.568410787237514,8.79472065428639e-12,2.7691651948305562e-12,1
1804,1,1,-2.1221694087998837,2.3139875663461534e-05,2.994431585632745e-05,8.966620521035037e-10,-1.1793362184602392,0.1449144505661888,3.143740975919186e-11,6.136023996396869e-11,2
2000,1,1,-2.0987924650781444,2.7018313387096777e-06,1.8716783027737724e-05,3.503179669074109e-10,0.3768986283623968,0.2751138813205216,1.9377831669650744e-10,5.680516372283762e-10,3
1757,0,1,-2.0928455561599266,0.0067836747582697,0.0080440068902085,6.470604684972213e-05,0.6264848910401246,-1.2601894965859133,1.8879748574178567e-06,5.035608191360101e-06,33
1923,0,1,-2.0835798656744715,-4.10145635e-07,1.4487319598460646e-05,2.0988242914794188e-10,0.0814749198792672,-1.5656047217867588,2.483317388742372e-11,1.2475265937971984e-11,1
31,1,1,-2.0564604963576008,3.98613059798995e-06,1.1937066279345267e-05,1.4249355135748187e-10,0.3714784956999048,-1.09267254842308,3.387310865985416e-12,7.259268003026522e-12,1
106,1,1,-2.055670036201381,4.434545005617978e-06,1.3827704621552642e-05,1.9120541510090828e-10,0.0650394441445405,0.3660157247453517,4.330064134269116e-11,1.2931585249754594e-10,2
639,1,1,-2.0494576906577575,-3.1841948042253533e-06,1.4846849591360064e-05,2.204289427884685e-10,-0.727004881188215,1.1270384665511024,2.113084331428511e-11,6.160664904323941e-11,3
1997,1,1,-2.044836158061948,-3.710702432432433e-05,6.6453817670581475e-06,4.416109882994887e-11,0.3522458095427211,-1.2837920932162326,6.504589866820991e-12,1.3006116853142864e-11,1
1559,1,1,-2.0319595870401272,0.2934052052631579,0.3103055786969922,0.0962895521704752,0.5630724993382451,-1.2393315213855032,0.0070984102162616,0.0115185982241777,2
1702,1,1,-2.0278033826132917,0.2627979173529411,0.3195797522836399,0.1021312180696726,0.7730757019961408,-1.0129065487719895,0.0060036475577601,0.0142014986575259,2
655,1,1,-2.0117931178917074,-6.692731736111111e-06,1.8224359136038657e-05,3.321272659193155e-10,-0.3566094040618849,-1.4834366482452193,1.061075175674281e-11,2.6610210197258298e-11,1
2,1,1,-2.00400467540113,-3.639396266247381e-06,2.5448938316810553e-05,6.476484614528283e-10,0.4256322649450154,-1.2436105409484075,1.4893834768968185e-12,3.004752494170574e-12,1
1357,1,1,-1.9841616769207466,-6.186182333333333e-06,1.846346900463227e-05,3.4089968768501656e-10,0.4470030046905356,-1.254778529775978,1.8566245010338655e-10,3.132243399847063e-10,1
1458,0,1,-1.9733767547386158,-6.835098266666668e-06,6.159833627694896e-06,3.794355032088086e-11,-0.1852895316930353,-1.5404893989768518,7.467457297098916e-12,2.2797894293791713e-12,1
543,1,1,-1.9526930249890395,1.7732934666666664e-06,1.9242358552453637e-05,3.7026836266118555e-10,-0.3659438821829003,-0.6502014844788238,1.2121689248481508e-11,2.3086684372882396e-11,1
1811,1,1,-1.9477883288572346,3.1775917642857136e-06,2.200037666104531e-05,4.840165732278672e-10,0.3932562302724324,0.1832392950011208,1.4781280346737346e-10,4.0483056789630175e-10,6
235,1,1,-1.9468170129052116,0.0514718814814814,0.1327053005075895,0.0176106967828096,2.705066235608958,6.167141894914868,0.0141764224068184,0.0319037527611136,1
9,1,1,-1.9400643196748066,4.173000953307394e-07,1.316587048161408e-05,1.73340145538637e-10,0.3059972421010178,-0.8595242578461675,1.1309735970453785e-12,2.510246914573329e-12,1
1134,1,1,-1.9392895549475804,0.0285457028571428,0.0527278922924982,0.0027802306256092,2.8087235736316587,6.36860453909374,0.0033779692030725,0.0076860028319158,1
239,1,1,-1.9220869105147738,1.3516306296629211e-05,1.1673229080429956e-05,1.362642771641956e-10,-0.1159155953764605,-1.723559954205966,3.1607714349578378e-12,6.66968590218358e-12,3
126,1,1,-1.9169388928381406,5.918951968085106e-06,2.297550353635096e-05,5.278737627488753e-10,-0.3122210302439409,-0.7192408572686344,1.3338099666014122e-12,1.6164980112962534e-12,1
1841,0,1,-1.9047025715387895,5.266696842105262e-06,2.3211703660705995e-05,5.38783186832432e-10,-0.0010668980575964,-1.1664914653093736,7.050749958060988e-11,9.641678045811074e-12,1
1107,1,1,-1.8944316649531827,0.4392512988636364,0.3275793835848466,0.107308252549828,-0.3320659989231767,-1.6980839078701928,0.002110077400591,0.0005099748749047,1
1356,0,1,-1.8812605836107554,1.0673751818181811e-06,2.3126448528368477e-05,5.348326215352766e-10,-0.0277644966539589,-1.5542387994928757,4.6098651218782206e-11,4.649486982513798e-12,1
808,0,1,-1.866083993713255,-1.4177318130434786e-05,2.367285654077507e-05,5.604041368001171e-10,0.0149016593883217,-1.5433275963945676,1.1144918980800216e-11,1.6737964287616864e-12,1
972,1,1,-1.8596963799667237,0.0650250148148147,0.0416457059280332,0.0017343648222442,-0.7440926871781989,-1.1453537547406063,4.591552004865635e-05,0.0001073137522324,6
1469,0,1,-1.8500215904364676,-3.4632599999999997e-06,2.6330115247308157e-05,6.932749689365294e-10,0.0124823730339332,-1.5370375263022926,9.985834503754844e-11,1.3392215312080001e-11,1
1152,1,1,-1.8461925736311504,0.4541684613846155,0.433760317408069,0.1881480129579487,0.1254413191886094,-1.8588134788229729,0.0042276400468654,0.0008685887829187,1
1825,0,1,-1.829635730039378,1.0621028e-05,2.4297531380807928e-05,5.90370031201346e-10,-0.483824391135453,-1.1960223534020469,6.679440461783047e-11,1.1300595867409878e-11,1
2008,1,1,-1.819270525511912,5.071793023255815e-06,2.094403355259346e-05,4.3865254145216057e-10,-0.3634894945104616,-1.3948281468525303,1.665746959804739e-11,1.1186018187480787e-11,1
1013,1,1,-1.8161489726089939,2.2971141389430895e-05,1.876758609158947e-05,3.522222877052225e-10,-0.1315884693354403,-1.6890383647252398,7.576284930157188e-11,1.691306576035517e-10,3
1789,0,1,-1.8012832739719713,0.2191326145828295,0.2705580052265533,0.0732016341921716,0.7479213703975356,-1.102868214822334,1.009549233612494e-05,9.73514217339636e-06,5
204,1,1,-1.7942242690621888,-3.685781908505749e-06,1.6903851297643795e-05,2.857401886928538e-10,-0.3298612649312685,0.2092634389330263,2.0540132316660936e-11,4.148774573169176e-11,2
1413,0,1,-1.7844206873708242,-1.0561675e-06,1.9115121076707016e-05,3.653878537771687e-10,-0.0205194307434107,-1.542776751127891,6.042205494312889e-11,1.0070888122953058e-11,1
1612,1,1,-1.7806284561837724,0.2218382502,0.2397088811516309,0.0574603477029667,0.9217887731439734,-0.6232460295887932,0.0057240940265276,0.0124528972603798,2
817,1,1,-1.7732098491081725,0.2048790297222222,0.1195931940725526,0.0143025320684752,-0.4581231553042595,-1.038821291345387,0.0011978455971786,0.0003605443282318,3
1560,1,1,-1.7694069256623934,0.1779431342105263,0.2075873374443586,0.043092502667238,0.6670240450012493,-1.1577689894401022,0.0048525266953551,0.0100293916781916,2
1415,0,1,-1.7654440395881843,-3.348e-07,2.130079502362324e-05,4.5372386863841246e-10,-0.0080746661021721,-1.5346215945496693,7.370879508087556e-11,1.0019145011540816e-11,1
1793,1,1,-1.760542925728928,0.2147262847301587,0.2468755310988406,0.0609475278553346,0.6025396940366631,-1.3228339964852194,1.915308884249297e-05,1.584993959665543e-05,5
1184,0,1,-1.758401255993848,-1.7754537586206897e-05,7.479271794525442e-06,5.593950657638383e-11,-0.7107633780122471,-0.3341481487616362,5.486589178550567e-13,8.011322910038748e-13,1
1023,0,1,-1.7310207782082732,5.001179967826087e-06,1.3560477969818027e-05,1.8388656276992006e-10,-0.1736775658327947,-0.9050359809427836,8.374187183243384e-13,6.03788944840144e-13,1
1028,0,1,-1.7283568737366664,2.030941347868021e-06,5.4861937486875306e-06,3.0098321848138136e-11,-0.8676263451285092,-0.1957690582623708,2.433418605950656e-13,6.176364177850106e-13,1
578,1,1,-1.718596527493779,-2.014020322222222e-06,1.2558009661708036e-05,1.5770360666355238e-10,-0.5798384008818683,0.3510213755271127,2.1560049877531808e-11,4.28479428937504e-11,2
2103,1,1,-1.7047463602622819,-3.996852105263158e-06,2.335838166240019e-05,5.456139938863535e-10,0.2518932435218229,-1.3668593099923123,3.279732835178728e-10,8.968802441512062e-10,2
549,1,1,-1.7042976291645786,-3.9004963190184033e-07,1.132638983899521e-05,1.2828710678489393e-10,0.3860086622677174,3.2706862452997605,5.654995904113586e-11,1.6829117419127134e-10,2
1755,0,1,-1.7013755011477492,0.0069024162555066,0.0088696731290361,7.867110141594502e-05,0.8916003737077699,-0.7757522297933437,2.2195194257227378e-06,6.549791892099559e-06,26
1463,0,1,-1.696471454793461,-2.449007142857143e-07,1.1014123435512542e-05,1.213109150527066e-10,-0.959817631308233,-0.2620062724524605,1.8645321526474557e-11,4.423471892163889e-12,1
1874,0,1,-1.684025389832149,7.14805125e-06,1.6854018957423357e-05,2.8405795501718596e-10,-0.0753246633973588,-1.5224313964553466,4.8505979810106656e-11,1.4891549265538773e-11,1
148,1,1,-1.6816762090339132,-4.5592841352331605e-06,9.450840536825864e-06,8.931838685251097e-11,-0.0802138211690207,-1.0864755103792196,8.505806167758712e-13,1.7097043972953108e-12,1
80,1,1,-1.6781531561722567,6.674827876404496e-07,2.2666593167745932e-05,5.137744458321065e-10,-0.8369032610276442,0.4634700531724163,6.962235263410451e-11,2.020517843314645e-10,2
95,1,1,-1.6764581858808754,4.147243346368715e-06,2.5060457859220593e-05,6.28026548113771e-10,-0.2064508289548608,-0.8749599126935235,1.0047557932407453e-11,1.9378686908980858e-11,1
252,1,1,-1.6723902915795215,-1.4161443183636364e-05,1.1193836899603948e-05,1.253019845349349e-10,-0.5770658795043755,-0.6812758866147495,1.6467550732406722e-12,4.350491923002146e-12,7
1758,0,1,-1.6714647247698042,0.0198691726378896,0.0204384377790718,0.0004177297388489,0.4472767283804079,-1.3946600903449955,2.688012230529327e-06,7.410407693977833e-06,9
134,1,1,-1.6677652517481225,-1.858890735195531e-06,1.377359776917283e-05,1.8971199550696274e-10,-0.3417235842882896,-0.1270711579261507,3.4929054383756886e-11,6.974969863866063e-11,2
1749,0,1,-1.6675622944447177,0.0025328346551724,0.0052923363349774,2.800882388252213e-05,1.8873628900642243,2.0480905118760404,1.8360055417993083e-06,5.2362606008145835e-06,15
714,0,1,-1.6652105509760262,7.505539878048776e-07,1.4780633336626554e-05,2.1846712183179619e-10,-0.3093538922792547,-0.8110488306902548,5.779214270601507e-13,6.635987864605235e-13,1
74,1,1,-1.6616653771648005,5.308426963350783e-07,1.4806305398487297e-05,2.1922667955327403e-10,0.1034148049537675,-1.2258996184457776,2.3301479842640575e-12,3.773585642967591e-12,1
1744,1,1,-1.6591268867239648,0.0144868138303341,0.020209286326733,0.0004084152538358,2.0933690366620645,5.278897727533565,1.3493682204236084e-05,1.82171820475323e-05,3
1030,0,1,-1.6554179701036595,9.700201382022473e-06,4.993276879003842e-06,2.4932813990394343e-11,-0.899547976072169,-0.2071155135168982,2.314641656361817e-13,6.177408178203163e-13,1
1903,0,1,-1.6490401137643036,4.259462857142858e-06,2.431497449253074e-05,5.912179845724205e-10,0.0887406693718939,-1.2509562757985204,6.3119591944975e-11,1.064181379881662e-11,1
1787,0,1,-1.6404363563022546,0.1133664913704206,0.1566576465680672,0.0245416182282454,0.9857321188331712,-0.6809965219583227,6.51707321435217e-06,8.601531144472373e-06,5
129,1,1,-1.6395822516564889,-3.199592545945946e-06,2.388337214487905e-05,5.704154650107844e-10,-0.0044808091943833,-0.91979361008989,1.6594510109712626e-11,3.2602290545641697e-11,2
1756,0,1,-1.6383673327140076,0.0010056391695501,0.0019419773250054,3.771275930835297e-06,1.7757485233755204,1.955150505546948,1.5997390750055556e-06,4.670002520554008e-06,15
445,0,1,-1.6357238484885777,-2.194139007843137e-05,1.227212905787537e-05,1.50605151613149e-10,-0.613929616897912,-1.1314487787689194,2.252079380609151e-13,6.014457538898122e-13,1
1845,0,1,-1.632938685050209,7.639572299999999e-06,2.321156249293684e-05,5.387766333635124e-10,-0.2896369727556007,-0.811626578056055,5.795962052227714e-11,1.3222761210218729e-11,1
1837,0,1,-1.6293307876250438,5.033332631578954e-07,1.9157655675120412e-05,3.6701577096647324e-10,0.0714728130761725,-1.4298944216016969,4.557072252253822e-11,9.249150112489645e-12,1
1189,1,1,-1.623937804622536,1.7082065914285715e-05,9.910475546826776e-06,9.821752556425152e-11,-0.4288631144022721,-0.5491065799633299,6.582765186853374e-11,1.9545278953215686e-10,19
1331,1,1,-1.6233116079904177,9.328747833333332e-06,8.800288852210185e-06,7.744508388233486e-11,-0.379687427285944,0.0149506472740763,6.875057260211896e-11,2.0977276709844407e-10,9
1,1,1,-1.6165852046805451,8.533143499999998e-07,1.8693001780627744e-05,3.4942831557055196e-10,0.5520522696354365,0.6311173662492302,1.2711755417075724e-10,2.9606660433502864e-10,4
8,1,1,-1.6117217985824506,1.5204373149999998e-06,1.2854177816387116e-05,1.652298873352987e-10,0.5987550414758036,-0.1114814980954337,1.989722057280419e-11,5.946671994860804e-11,3
172,0,1,-1.6101491556833054,-3.4845312088627445e-06,1.323850922088372e-05,1.7525812639142322e-10,-0.9846450845881158,-0.5598356107346052,2.9998411059476733e-13,7.726466666449263e-13,1
1659,1,1,-1.6065047891518567,0.2939855269047619,0.2791443551828464,0.0779215710304471,0.3655400349131617,-1.4115793962099554,0.0040253736585103,0.0058731135196623,2
870,1,1,-1.6052143234321776,0.0317755771653543,0.0398192053455338,0.0015855691143497,0.6975896393810567,-1.1287458985243588,5.665676360000001e-05,0.0001178727007572,4
1823,0,1,-1.5998122180850707,1.4558575999999996e-05,2.529644753560021e-05,6.399102579213738e-10,-0.3203345234872126,-1.3928137700410066,7.021084271423546e-11,8.992438487888888e-12,1
1800,1,1,-1.598093426503538,-8.375030533783784e-06,2.5181929233242363e-05,6.341295599080263e-10,0.1570950353432822,-1.0635554134401008,5.1147784565706985e-11,1.3438547390688562e-10,5
818,1,1,-1.5927327625426642,0.148468412,0.1016723492453929,0.0103372666010771,-0.117785994334754,-1.5366964779858847,0.0032325992288362,0.0069414157385772,1
518,1,1,-1.5883449203243059,1.4988065863874345e-06,1.4542349154824592e-05,2.1147991894082755e-10,-0.3033768049381009,-0.8426148860731448,1.2673488661483195e-11,3.591918076492065e-11,1
446,1,1,-1.5879705852460124,1.0027554398039216e-05,2.2244073033982656e-05,4.947987851411544e-10,-0.0608868908741885,-1.2030433114404222,4.711994827072925e-12,9.190753074738548e-12,1
1820,0,1,-1.583673603423745,1.1673439999999998e-05,2.2852643999742403e-05,5.222433377789625e-10,0.0047203013499478,-1.5283387300750322,8.801346935840002e-11,2.3717392219663272e-11,1
1753,0,1,-1.583150620433614,0.0241365539863325,0.0221838258598813,0.0004921221297815,0.2924174938369938,-1.4533534419544392,3.1608217829429216e-06,8.672923437457205e-06,12
340,0,1,-1.5799967668272141,0.3481960707843137,0.3695275670675663,0.1365506228228747,0.4741476248224503,-1.4478991002212191,0.0007186080528659,0.0001054319962543,3
322,1,1,-1.5776873872173856,1.6642899749326924e-05,1.8370207369641117e-05,3.3746451880361675e-10,-0.3099380484185569,-0.4720169656041499,1.6893681166777756e-11,4.8192431358366997e-11,3
213,0,1,-1.5755851805064383,1.6091926896629212e-05,2.475452260940263e-05,6.127863896194258e-10,-0.7743515936701686,-0.4079492594322289,3.7564557837939115e-13,8.149785373562236e-13,1
1617,1,1,-1.5729048486081125,0.1117575212121212,0.0965870963286402,0.009329067177198,-0.0527532562074492,-1.6753679344795345,0.0027587969128593,0.0072779907206237,2
308,0,1,-1.5723263332259572,9.70062569120288e-07,2.4648223945356537e-05,6.07534943660447e-10,0.0696862449451976,-1.429153650071261,2.938779648264758e-13,6.069300451398873e-13,1
1582,1,1,-1.570621658656583,0.224215259375,0.1871741424464408,0.0350341596005605,0.1746227390354663,-1.418410145236216,0.0039313498624295,0.008075905226518,2
1475,0,1,-1.568847466105001,-4.838498799999999e-06,9.559470899990364e-06,9.138348388776257e-11,-0.8524753911987477,-0.3064034190132885,1.1421639278173058e-11,1.926139006413254e-12,1
739,0,1,-1.5683250518465137,-3.4561206309523817e-06,1.852139513639007e-05,3.430420777982938e-10,0.0149870118747622,-1.260610161708513,2.1525125974324915e-12,8.213435432635971e-13,1
882,1,1,-1.566624926625472,0.0823982205729166,0.0639902936662952,0.0040947576834987,-0.0621602977121008,-1.4090643775336635,9.096234388929424e-05,0.00022623628193,4
1382,0,1,-1.5648723808837923,-1.0016336363636364e-06,1.4663696022265808e-05,2.1502398103341403e-10,-0.0123990845287442,-1.5307090750263543,1.8826849215650795e-11,2.2062174623000004e-12,1
907,1,1,-1.5608888875258409,0.0381997561904761,0.0335625142981748,0.0011264423660151,0.124028133336559,-1.668169040115447,4.1249355846162166e-05,0.0001080577698818,10
852,1,1,-1.5596162507715712,0.0640333413294797,0.0527448569740288,0.0027820199372107,-0.0075191643429144,-1.408737874998834,3.903862271489806e-05,8.809883726078364e-05,5
1213,1,1,-1.5587822568930412,-3.0813996666666667e-06,1.1671035221837717e-05,1.3621306314937654e-10,0.122915380600928,-1.001771248694541,4.063657245602996e-11,7.725926456209438e-11,2
1616,0,1,-1.5573662641316917,0.3100938827586207,0.240002665330111,0.0576012793655573,-0.0911596016570482,-1.5151173429762668,0.0023601239857777,0.0005303663422094,1
1698,1,1,-1.5521774962360788,0.233798219047619,0.2903117388764867,0.0842809057294893,0.7851635929664611,-1.0105092326694127,0.0036368617420585,0.0088086788293009,2
1849,0,1,-1.5419123467781959,9.3147705e-06,2.0865315765223028e-05,4.3536140198246465e-10,-0.240263013700924,-0.8456062829225561,5.0103726964350144e-11,1.6501617157555548e-11,1
1840,0,1,-1.5414183400645647,-1.944846e-06,2.3958760113530732e-05,5.740221861777112e-10,0.0975984012597577,-1.300950961383643,7.036494553891239e-11,1.2118481816991946e-11,1
1962,0,1,-1.5382522086890924,-1.4710129803921568e-05,1.634246908677522e-05,2.6707629585220366e-10,-0.5294902028210347,-1.1195103832864548,2.4823652879945205e-12,9.2274385189249e-13,1
300,1,1,-1.537841040667284,2.1439372010199994e-06,1.0114210423987988e-05,1.0229725250070725e-10,0.2590925391163488,-1.249226146118187,1.3076830573515456e-12,2.797619988192444e-12,2
1330,1,1,-1.5366153082186307,4.012197567567569e-07,1.171868842910297e-05,1.3732765849839184e-10,-0.0483469403282189,-1.0915364475788902,2.006976543584308e-11,3.3568852567120576e-11,2
1885,0,1,-1.5354946338079831,8.724665238095236e-06,2.617388678797477e-05,6.850723495897201e-10,-0.0177762242534491,-1.2382120663942415,7.108656298494999e-11,1.095134538844543e-11,1
464,1,1,-1.53337365772733,-4.447216589041096e-06,2.0222319458849945e-05,4.0894220429578106e-10,0.1460355115778962,-1.0053744562468685,7.849178437575183e-12,1.6104291712436322e-11,2
539,1,1,-1.532960338923576,-4.545543016304348e-06,1.9569598056129303e-05,3.8296916807845974e-10,-0.0723660286092291,-0.7126271169461913,1.295919393467186e-11,2.5482486892953148e-11,2
1865,0,1,-1.5328115329714815,7.505479499999998e-07,1.0507838771071168e-05,1.1041467563882646e-10,-0.3075632591689468,-1.3809027976280437,1.2942283031652892e-11,2.018875332601617e-12,1
77,0,1,-1.5309316750926718,-6.273053140331491e-06,1.4523676759708843e-05,2.1093718662050679e-10,0.0179007956267788,-1.3798790827668337,5.328779836742249e-12,1.5160421130533637e-11,11
644,0,1,-1.5288971638994342,3.9801516989451485e-06,1.427411863298664e-05,2.037504627485764e-10,-0.1215493521610279,-1.1224664446690489,2.597408708751861e-13,6.702875840977898e-13,1
1947,1,1,-1.5257937194018933,-1.0565160971428572e-05,1.6353940742013132e-05,2.6745137779327707e-10,-0.3254217182725709,-1.000596273947046,4.1912034935684154e-11,8.022784782124378e-11,3
729,0,1,-1.5210529228376788,5.19717555284553e-06,1.3848960943850354e-05,1.9179371922429248e-10,0.010173639549422,-1.2790640700051636,7.480970230750285e-13,7.884265503727892e-13,1
565,1,1,-1.5188883016057158,5.5683021404494385e-06,1.3875308320764436e-05,1.925241809962748e-10,-0.0766151774366022,-1.182139523138756,9.552801721496108e-13,1.5646166713174177e-12,1
294,1,1,-1.5186168118203487,-4.316690493055566e-07,1.220571325018021e-05,1.4897943594562476e-10,0.7141639236088707,1.7181707814991407,1.6399160091115227e-11,3.296824867133044e-11,2
109,0,1,-1.5151848177299279,2.7725879550561803e-06,1.5498279461936173e-05,2.4019666628027256e-10,-0.0222535607745982,-1.3626892964164463,6.121295225264183e-12,1.7720287320060974e-11,8
306,1,1,-1.5150754465587262,6.907003318360656e-06,1.8099167420975077e-05,3.2757986133248567e-10,-0.0826890007229083,-1.2157198335436878,1.6583674437444716e-11,4.676651179503984e-11,7
465,1,1,-1.5098331950408506,1.511107478991596e-06,1.7579045324201148e-05,3.090228345103183e-10,-0.8162222758285417,-0.0795256839943561,5.1021887680935e-11,1.4571895849633248e-10,2
2073,1,1,-1.5097758691367407,1.0273315727272727e-05,2.1722240101002065e-05,4.718557150055821e-10,-0.6819903080093447,0.2405576021230548,3.885844972664475e-10,1.3086576440119082e-09,2
795,0,1,-1.508672207104447,-1.1993982395348838e-05,2.5737029043127825e-05,6.62394663966805e-10,-0.0428473843781448,-1.5428836031949598,1.4717790653442378e-11,7.819461395353579e-13,1
1790,0,1,-1.5080908204560681,0.237624665240113,0.2990304336577927,0.0894192002535675,0.7751822285621829,-1.053026429328979,1.7737588622909478e-05,9.85440940208357e-06,4
257,0,1,-1.5078615956641364,-1.1807423165966383e-05,1.3739828588832668e-05,1.8878288965050347e-10,0.0516669481981535,-1.4121929389019672,1.90881395619318e-12,5.676327191505159e-12,6
1763,0,1,-1.5050082125470772,0.0125481630104712,0.0138621251812476,0.0001921585145405,0.5252180935153629,-1.384597426719372,3.5930613177385836e-06,1.0954672829335268e-05,20
962,1,1,-1.5046787795996788,0.0896146555172413,0.1042941875876665,0.0108772775645713,0.7188496783844716,-1.0866592470948977,8.252791363174157e-05,0.000184629853397,4
1750,0,1,-1.5041568237809906,0.0014483429900332,0.0035862708450677,1.2861338574183088e-05,2.337499145320605,4.055220229824239,9.308225763826664e-07,2.7084142410836115e-06,7
1767,0,1,-1.5029657222595278,0.0134972847145877,0.0143096783464294,0.0002047668943782,0.5009595483644288,-1.3513433056098154,2.959756817051272e-06,8.542093675934184e-06,20
583,1,1,-1.4990010591653407,-2.1673943737113404e-06,2.0829272315749428e-05,4.3385858520364555e-10,0.2271831297825001,-1.0043174824855623,2.9246393255875896e-11,7.820510244256383e-11,2
327,1,1,-1.4948269150910283,-4.4145355557884235e-06,1.0139990773760336e-05,1.0281941289194475e-10,-0.1154878974859689,-1.0982636525855598,3.274134672728824e-13,8.583528786481974e-13,1
888,1,1,-1.4944496220269239,0.0565759653435114,0.0542153097907385,0.0029392998157057,0.4729141384731782,-1.2022730894680629,5.2923071782439755e-05,0.0001017073682503,3
955,1,1,-1.4929618561620948,0.2778585702493765,0.2933812560517528,0.0860725614025041,1.070467556435933,-0.1501552937846866,0.0001147861409816,0.0001352805681356,3
298,1,1,-1.4914631437542376,-6.823789934354536e-08,1.791623682037916e-05,3.2099154180390993e-10,0.1755993525079876,-0.6099825903443534,5.217062351749592e-12,1.0479527033893671e-11,2
211,0,1,-1.48814843896475,-1.7146484240282687e-05,5.954008396268138e-06,3.5450215982831485e-11,-0.8690961354483692,-0.6609700824723754,2.760567343400282e-13,7.935113801161282e-13,1
13,1,1,-1.4869932434311328,-1.595561282608696e-06,2.4671041910182063e-05,6.0866030893396e-10,0.3897460704873026,-0.812622692797941,9.853793080883763e-12,1.9199652146969388e-11,1
2071,1,1,-1.4869363580089527,-1.4941875342857145e-05,1.2232195385603427e-05,1.4962660395157779e-10,-0.1935645959365123,-1.4425646090428537,3.9987172363877215e-11,8.324393643922812e-11,3
1204,1,1,-1.4858667433479416,-8.703128059701491e-07,1.6658719011306564e-05,2.7751291909766676e-10,0.2087001352542775,-1.1996198830082938,1.757667335152816e-10,4.858439282742613e-10,9
1871,0,1,-1.4834134026484456,1.9658699999999997e-06,1.2329590133158367e-05,1.5201879285167618e-10,-0.1631357529456812,-1.4969246454693337,1.490764587482e-11,2.0000278135789463e-12,1
1821,0,1,-1.4830221066573195,1.8566541500000003e-05,2.4556160059998855e-05,6.030049968922829e-10,-0.3112730038205596,-1.3653960005171109,6.599495925899335e-11,8.160022011380552e-12,1
1854,0,1,-1.4816994126497147,1.0818454705882354e-05,2.208995374472965e-05,4.879660564442954e-10,-0.1727699268197319,-0.9778127223071502,7.316420246631209e-11,9.881898345664891e-12,1
191,1,1,-1.4803616847362497,-5.346578342181819e-06,9.46641892607538e-06,8.961308728395816e-11,-0.8455014703426457,-0.842751943833298,2.899482711169029e-13,7.731650736658986e-13,1
570,1,1,-1.4796426833188643,5.798176829896908e-06,2.4782228939443433e-05,6.141588712069874e-10,0.0715518148824653,-1.317755470211787,6.254610699593568e-12,1.1356505065961677e-11,1
623,1,1,-1.479169104200724,-1.0681148053956835e-05,2.318035565733483e-05,5.373288884005348e-10,0.1210198877091312,-1.274461863138737,1.8121347780165644e-11,5.1726906459546725e-11,1
1476,0,1,-1.4778892575749265,-1.0387995652173873e-07,2.0503034253852813e-05,4.2037441361466173e-10,0.0797671427688399,-1.539776673926802,3.3112584397163806e-11,3.2685720867974753e-12,1
1869,0,1,-1.4777586735027834,1.1577642857142856e-06,1.0857048574360987e-05,1.17875503746034e-10,-0.1966771005435545,-1.4794593860591,1.229623398842e-11,4.530326668296953e-12,1
34,0,1,-1.4760986968249319,-7.543538026881721e-06,9.352391877694572e-06,8.746723383396739e-11,-0.2081805538291964,-1.1978992609144303,1.5755302193307805e-12,4.361466225010511e-12,3
234,0,1,-1.4737507881837382,0.4446756141463414,0.5219962825685008,0.2724801190153342,0.7681382951198449,-0.9183338043663212,0.0107389616023582,0.003529598534184,1
457,1,1,-1.4729849223118598,-5.764011471861473e-06,2.500842088480359e-05,6.254211151514806e-10,0.3737089681744129,-0.8148714287875949,8.440556981368867e-12,1.6065785942281647e-11,1
2117,0,1,-1.472686353966507,-3.330977878787879e-05,7.976106326407397e-06,6.36182721301561e-11,0.0797136093701378,-1.5395432646468123,2.6672416808984367e-12,8.075927949635771e-13,1
1812,1,1,-1.467258879383392,-6.574501357664234e-06,2.158484336837426e-05,4.659054632372504e-10,1.4914924112849357,3.49958047735426,5.749235498848713e-10,1.7864335913782695e-09,10
1761,0,1,-1.4632684715244777,0.0136530186197916,0.0150457106973674,0.0002263734103888,0.580399499944089,-1.244681164585733,3.3195859080214097e-06,9.802047141248166e-06,15
329,0,1,-1.462717069529627,1.8221088986875e-05,1.9259776294431823e-05,3.7093898291155806e-10,-0.7143467388280231,-1.0104282452897546,2.148878501307739e-13,6.034669797634293e-13,1
1843,0,1,-1.4618232580970392,5.6908273e-06,2.4886498394714925e-05,6.193378023501485e-10,-0.2118321534734465,-0.9768611369788324,6.775226320787171e-11,1.8691522356879232e-11,1
1737,1,1,-1.460747313681092,0.0137168389403973,0.0300088095882682,0.0009005286529049,2.207968777845431,3.676077196237886,1.2051229478820796e-05,9.467052018828384e-06,2
645,1,1,-1.4604260210685698,-8.542883764776122e-06,1.0803974230412803e-05,1.1672585917142394e-10,-1.0007413097515363,-0.2902265994752193,2.4750723661311682e-12,5.239170318158857e-12,2
1848,0,1,-1.4602440531004088,9.55005922222222e-06,2.2464106141238377e-05,5.046360647248237e-10,-0.2762079707573837,-0.9782997433853762,6.290639031982873e-11,1.5326485133330998e-11,1
1259,0,1,-1.4601295501682823,-7.758707966666666e-06,4.652311152755718e-06,2.1643999062055235e-11,-0.2860743781048924,-0.9620027665922276,8.999655548065851e-13,5.810679882569238e-13,1
745,0,1,-1.4592658696879541,7.161078614035088e-06,6.13179150926223e-06,3.759886711306038e-11,-0.0698122902207611,-1.5169932222240914,7.156945980851671e-13,7.908175983321259e-13,1
475,1,1,-1.459069432490328,4.515496298984771e-06,1.0797151195148053e-05,1.16578473930887e-10,-0.0612992764276907,-1.2208385814724616,9.366889437909698e-13,1.8417656214439857e-12,1
1829,0,1,-1.456418506683112,-3.565375000000005e-07,1.875362005674821e-05,3.5169826523286867e-10,-0.3006599120394578,-1.3537965242009775,4.1379931766146266e-11,1.037891170801358e-11,1
1995,0,1,-1.4561653735981532,6.926226825000002e-06,2.1188172796109064e-05,4.489386664377762e-10,-0.3614530458577419,-1.222798325420107,9.332028529602198e-12,7.633170057589816e-13,1
247,1,1,-1.4546314580839794,-1.736462774183515e-05,1.1165674707092763e-05,1.2467229166461112e-10,-0.4723292756804695,-0.9460466355418689,2.4062796960406216e-12,6.062557858701941e-12,12
1717,1,1,-1.4546259685230023,0.0607941259523809,0.1092799510310948,0.0119421076973584,2.0940659176294707,3.278364754593902,0.0054183805089712,0.0115403540966287,2
1318,0,1,-1.4518129451111124,2.027419000000001e-06,3.1624307418447416e-05,1.0000968196964683e-09,0.0613404112018942,-1.438052679735465,1.4582193367808627e-11,1.8933835204997002e-12,1
1762,0,1,-1.4499610711824122,0.0201402549602122,0.0199442846694468,0.0003977744909759,0.3459255931753845,-1.519431610150907,4.646645304512233e-06,1.397737157139093e-05,15
1036,1,1,-1.4479939587936137,5.175846875e-07,1.7625951707686235e-05,3.106741736016874e-10,0.3888900846229436,-1.191440570975259,4.052407641825251e-11,8.238907084914953e-11,2
819,1,1,-1.4471937305828353,0.2130439724999999,0.125929932505578,0.0158583479008594,-0.4008217004120396,-1.0462057386524093,0.0014491724002785,0.0004210890789952,3
263,1,1,-1.4458596790911376,-1.1451238251552795e-05,1.4246784325942688e-05,2.0297086362992622e-10,-0.2168735105701833,-1.2390920610011091,4.201558212877509e-12,1.0501982295311424e-11,12
1379,0,1,-1.4455073469739623,-2.328075739130432e-07,1.3498500212268824e-05,1.8220950798062147e-10,0.0160690264032353,-1.5245484770140818,1.4863143328770708e-11,2.1408716359269085e-12,1
719,0,1,-1.4445098776032521,1.4260507372093025e-05,1.471029391641716e-05,2.1639274710737968e-10,-0.1297203813982531,-1.1781912450764451,7.333213345813086e-13,7.218576769334944e-13,1
1887,0,1,-1.4425421290844542,5.38769e-06,2.471812332938459e-05,6.109856209266667e-10,0.0233950067144236,-1.280557971351724,6.541207634917e-11,9.310829618219946e-12,1
272,1,1,-1.4419969979053484,1.215984125e-05,1.8668024660538475e-05,3.4849514472647264e-10,0.2733122442101903,-0.600378064555855,4.4830743400500694e-11,1.3385100578170428e-10,2
2013,1,1,-1.438217009864846,3.871657979591837e-06,2.3575662642200673e-05,5.558118690188564e-10,-0.2239701504739549,-0.9654069226587798,7.72860905729397e-11,1.682824372571117e-10,3
1639,1,1,-1.4367012433185293,0.2061118542372881,0.2230229566101222,0.0497392391751204,0.804516587021417,-0.7619284835430058,0.0033597282438827,0.0069968461077996,2
108,0,1,-1.4354230995115072,-1.5398929668508289e-06,1.497729230463734e-05,2.2431928477854884e-10,-0.0003316723968342,-1.4614961163656404,1.8944028606044394e-12,5.059638128023586e-12,5
1607,0,1,-1.4346385563863886,0.2723660884375,0.193126138438803,0.0372977053482837,-0.3260868246491454,-1.4174887442979769,0.001070292634742,0.0001631332165275,1
250,1,1,-1.4341965128940077,5.8921637563894525e-06,2.062503482587157e-05,4.253920615684151e-10,0.1801441865242661,-0.6444999253611763,6.28662909196125e-12,1.2809247400003684e-11,2
1909,0,1,-1.4341456096187741,9.711220157894737e-06,2.2215014432238655e-05,4.935068662245718e-10,-0.2279807970478361,-0.9932461496794408,5.290494223303376e-11,8.763903469926888e-12,1
614,1,1,-1.432138693743289,-1.5544786004484307e-05,1.1681612388549044e-05,1.3646006799630248e-10,-0.0990514064303827,-1.5500060900113073,3.4795380395603506e-12,6.625468523458877e-12,2
238,1,1,-1.4247914880239025,3.35508804477612e-06,1.849022419193452e-05,3.4188839066800047e-10,-0.4583999339906204,-0.6667261958505706,3.202793375702908e-11,7.243442056393251e-11,6
1856,0,1,-1.4242345450868676,7.273201176470589e-06,2.153328596161817e-05,4.6368240430482207e-10,-0.1200549404588644,-1.16403188243942,7.013883046234375e-11,8.916839743182225e-12,1
1862,0,1,-1.4241072415915998,1.7794649235294117e-06,1.4779318581144686e-05,2.1842825772296856e-10,0.0422494676001833,-1.535118945132219,3.234911060663015e-11,8.054044563475964e-12,1
15,1,1,-1.4231491161195169,-7.767890676616916e-06,1.2082397907543902e-05,1.4598433919622123e-10,-0.1466542507753611,-1.3764193585466062,4.035516531419921e-12,9.654801934071314e-12,8
1851,0,1,-1.421286466684421,1.0965714736842108e-05,1.9284940214644273e-05,3.719089190824038e-10,-0.1378727896911286,-1.1206948356628976,5.073961441818766e-11,1.3710940930112112e-11,1
1945,1,1,-1.4200642451790277,-1.8879913172839503e-05,1.7033300309724338e-05,2.901333194412552e-10,-0.2098005535002576,-1.2821003078542097,7.961135874124427e-12,1.9613949485405974e-11,3
525,1,1,-1.418449192132806,3.928754457142857e-06,2.6265674018920745e-05,6.898856316682082e-10,0.0058847122806329,-1.3314447490337171,2.144712400531904e-12,3.4801756369188124e-12,1
1196,0,1,-1.4166807151751537,-6.719469719298246e-06,1.592116923079304e-05,2.534836296755511e-10,0.0631407962504086,-1.441404472554171,3.3670705991402658e-12,9.052947565509028e-13,1
2007,1,1,-1.413972106820253,-1.078147862222222e-05,1.7788872849059106e-05,3.164439972399922e-10,-0.7609767107088559,-0.9404732282351668,3.563345971352221e-12,4.267483102240388e-12,1
2063,0,1,-1.4117693761890409,-6.672847511111111e-06,1.7943721527197707e-05,3.219771422456184e-10,-0.7845009995268448,-0.4981591962125802,4.523463770643157e-12,1.1612517653432725e-12,1
1181,0,1,-1.4117398628393942,4.377031121495327e-06,2.8321613317597303e-05,8.021137809115049e-10,0.0561059223506037,-1.3362806432018086,2.6644375178947186e-12,7.721233946957461e-13,1
1745,0,1,-1.4106414710326112,0.0140064567477203,0.0250167706185399,0.0006258388121806,1.6238957268887086,1.0583544692774574,2.516063839237194e-06,4.363676530934553e-06,1
1827,0,1,-1.4091777472172244,3.0094304761904752e-06,2.2864524659548466e-05,5.227864879070998e-10,-0.2911360409358955,-1.385647021300561,5.683520118578499e-11,2.5759045632062052e-11,1
768,1,1,-1.408164488074326,-3.640270488372093e-06,9.873166445068674e-06,9.747941565202999e-11,0.0069763688824431,-1.0762783740660795,1.1173958706221247e-11,1.834207216360796e-11,2
1694,1,1,-1.40650096961052,0.144703274137931,0.1757038731890751,0.0308718510536426,0.811583290056551,-0.9603006935493535,0.0026846404912481,0.0063341299567784,2
182,1,1,-1.4064653875357551,1.1864028664383564e-05,2.833503258955662e-05,8.028740718512357e-10,-0.7366122331699382,-0.7456957262434574,6.6284357175176755e-12,1.3215246612756358e-11,2
569,1,1,-1.405431195523108,8.033583196835443e-06,1.904317355041591e-05,3.6264245887126004e-10,-0.1004938421398909,-1.0655295272396377,1.8779967962695615e-11,3.682602501795995e-11,2
286,1,1,-1.4028835295132716,4.547663381995135e-06,2.2791007067559248e-05,5.194300031535355e-10,0.1325468431565319,-1.4030188753127373,5.997632983890291e-12,1.1986270415168944e-11,3
1766,0,1,-1.4027222506584578,0.015177822445328,0.0163545995913557,0.0002674729277935,0.4814792078256347,-1.4206048495491284,2.8673234159127483e-06,8.479900277849898e-06,16
1601,1,1,-1.4024570671641912,0.0892727392857142,0.0773606885415987,0.0059846761316302,0.1334783203498327,-1.4251503022758751,0.0026645834259305,0.0055804441780165,2
2118,0,1,-1.4013988118688416,-2.9094921212121213e-05,1.0480847250240954e-05,1.0984815908288336e-10,0.0134722228015277,-1.5217253143569267,4.288093343662109e-12,7.17499202809572e-13,1
662,1,1,-1.3973324424612863,2.625470122897474e-06,2.144967264297102e-05,4.600884564906194e-10,-0.1880213089239865,-1.269065482332875,5.385482679593137e-12,1.4869142018594828e-11,3
590,1,1,-1.3937495257695536,5.901464151219515e-07,1.388659076783389e-05,1.9283740315328942e-10,0.0265380165028413,-0.7478911905113228,7.0177044106278096e-12,1.390634519843228e-11,3
1759,0,1,-1.3935559101981752,0.0092844292541436,0.0099899010447761,9.979812288441904e-05,0.4571888250193378,-1.4518869157932284,3.0948076147612182e-06,8.961081104458335e-06,17
102,0,1,-1.392423690399809,1.5444158823529192e-08,1.538017535314957e-05,2.3654979389362953e-10,-0.0227404409111167,-1.5192484455591122,6.547871452329411e-13,9.636567911954909e-13,1
1836,0,1,-1.3921648592700542,-3.2497727500000003e-06,1.712391546143546e-05,2.9322848073038847e-10,0.0560694583528142,-1.3423768873253783,5.1996108153794134e-11,2.3796234421681553e-11,1
764,0,1,-1.3902961020037972,-6.479210204081635e-07,1.738847182241812e-05,3.0235895231902887e-10,0.0739224014933258,-1.456276245317026,5.2690270818225555e-12,8.139695858961423e-13,1
1392,0,1,-1.3889734451425046,-4.430167e-06,1.3067276968634324e-05,1.7075372737500103e-10,-0.0291544796614286,-1.52684781247955,1.8272646580686423e-11,3.271308801609878e-12,1
1430,0,1,-1.3886158857338424,-1.3772794117647063e-06,2.315906458334174e-05,5.363422723753937e-10,0.0367804580598848,-1.5350606235558948,7.780635688192343e-11,1.2393199299186672e-11,1
517,1,1,-1.3877891188998523,6.510618518518501e-08,8.160485121500772e-06,6.659351741823549e-11,-0.3453811378548269,-0.884827118688762,2.4695263483031797e-12,4.991032950207938e-12,1
49,0,1,-1.3876160821847647,-6.523637596774194e-06,1.5814091960146906e-05,2.5008550452398304e-10,-0.7442022222449438,-0.6905052180708902,1.823506578813816e-12,4.3735662208427516e-12,2
1935,0,1,-1.3870163244625648,8.06535909090909e-06,2.192013319290031e-05,4.804922391944901e-10,-0.0571565222814107,-1.2380398970264517,4.2735492811494335e-11,7.363626725240002e-12,1
715,0,1,-1.386592943626503,2.0194625095541397e-06,1.606162956717701e-05,2.5797594435321476e-10,-0.1406973061694059,-1.0348717168329007,6.92380845393493e-13,8.076412725595711e-13,1
661,0,1,-1.3857627075255432,-1.4908418473145784e-06,1.4978293522088707e-05,2.2434927683384456e-10,-0.5106796049587627,-1.081238137397236,2.278336100254343e-13,5.802733176625147e-13,1
1920,0,1,-1.3828013025217847,1.6760505263157896e-06,1.4548260345734768e-05,2.116518790872787e-10,-0.2167616475078956,-1.4558089950421624,2.840800151101358e-11,9.5588581818263e-12,1
1632,1,1,-1.378383265617058,0.2054630355932203,0.2995200903622365,0.0897122845306023,1.1075242440878377,-0.3748340244594694,0.0039393427865072,0.0055958993177589,2
936,0,1,-1.376812913488473,0.2386762013553113,0.2710489206694805,0.0734675173960903,0.8452430068614618,-0.8575665370899133,0.0001103134983721,9.126092149047747e-05,4
1179,0,1,-1.3749398188265816,7.808766379032256e-06,1.5615971963073034e-05,2.43858580351483e-10,0.2537273358961037,-1.4291123166956614,8.878429920555894e-13,7.415288075329442e-13,1
1287,0,1,-1.3722742768444907,-5.2728799772727265e-06,1.766830479828848e-05,3.1216899444522365e-10,-0.7425471521351648,-0.9435878148284712,2.6776224889128757e-12,8.089266910337264e-13,1
1810,1,1,-1.3722076595343187,1.5332640294642856e-05,1.787749376380235e-05,3.1960478327479187e-10,0.6517728758988862,1.5847302560567176,2.474553953379042e-10,7.053767874245123e-10,12
1225,0,1,-1.3720002705483498,4.483487179487182e-07,1.6212623237428008e-05,2.6284915223879055e-10,0.0851918673370093,-1.4387248270899704,7.334818245234347e-12,1.352110347392403e-12,1
264,1,1,-1.3714341379460682,-3.349303167796609e-06,1.1753258547130576e-05,1.381390864756979e-10,-0.3655351928447585,-1.11745986463876,2.1647660138700353e-12,4.6700930012770906e-12,5
820,0,1,-1.3706238015095091,0.1938879889655172,0.2383556160789156,0.0568133997163594,0.7450874864957923,-1.1412264520708688,0.0043762710028824,0.0008277023454082,1
1562,1,1,-1.37059112660953,0.0493913877142857,0.0761888331670168,0.0058047382993515,1.2053314656627812,-0.1381914175731569,0.0031098550162385,0.0087585325303705,2
179,1,1,-1.369374320653585,-5.743108445955883e-06,2.327264011780827e-05,5.41615778053019e-10,0.1881230608846961,-1.154320703575232,2.153502274057323e-11,5.695634608330962e-11,2
1754,0,1,-1.3688183240671732,0.0170100012669683,0.0175815469347467,0.0003091107926187,0.4809900761006832,-1.366378163479271,2.123022858980046e-06,5.8437086147090925e-06,13
1905,0,1,-1.367490130895219,1.1652245e-05,2.2516787976779373e-05,5.07005740791236e-10,-0.1424645724110685,-1.147221846429804,6.903736471271764e-11,9.5422668434e-12,1
280,1,1,-1.3642044422819892,-1.447786809374999e-06,1.9604054590903447e-05,3.8431895640312256e-10,0.1967479595936789,-1.2635866936959697,1.5498688488342998e-12,3.229306547479851e-12,1
1996,1,1,-1.364100149427944,-1.1796900404761904e-05,2.3912533723127e-05,5.718092690596859e-10,0.8051178161510765,2.4103194897344817,4.3098224267571493e-10,1.2865259129061767e-09,2
1927,0,1,-1.362198138465601,1.3877605000000026e-07,1.3046852013664194e-05,1.7022034746645344e-10,0.1134657274057572,-1.5321270887373009,1.9667314591619164e-11,7.811295669332432e-12,1
495,1,1,-1.3605437685375792,4.4621757225130886e-06,2.4233206837174575e-05,5.872483136132846e-10,-0.229397551612463,-1.1184283374508373,3.9332831436291904e-11,6.937326595896353e-11,3
258,0,1,-1.3601382439344332,-8.423836201914893e-06,1.0749220737798858e-05,1.1554574646992503e-10,-0.2010645789812525,-1.236431833439803,1.818462890686595e-12,5.209261713157652e-12,6
573,1,1,-1.359179582703979,-5.823235721311476e-06,2.639861400396449e-05,6.968868213303102e-10,-0.2906108170883721,-1.283291267062184,7.472346443158271e-12,1.3552977462478552e-11,1
1883,0,1,-1.35754187588879,1.0778753333333334e-05,2.5611464861999435e-05,6.559471323774318e-10,-0.0309334253638186,-1.271772518406875,6.729586126224001e-11,1.162927377565097e-11,1
1393,0,1,-1.3572461057315812,2.687197136363637e-06,1.6919761180615793e-05,2.8627831840907306e-10,-0.027964939453543,-1.5190361024185506,2.501878694727786e-11,3.2828953797116986e-12,1
1815,1,1,-1.3550143538306751,-2.303626871717173e-06,1.9603170764948943e-05,3.8428430403974887e-10,0.7937532076371356,1.7198640966306211,1.411211142025681e-10,3.7332842670152686e-10,6
1014,1,1,-1.3545709895882658,-1.1857176302083336e-06,1.0803245646096246e-05,1.1671011648989748e-10,0.0415618384945149,-1.0906810647577383,1.4707343100732498e-12,2.884207234316111e-12,2
875,1,1,-1.3538954191939832,0.0092742990076335,0.0170915824973927,0.0002921221922651,1.4375843304929,0.3083194044487261,1.4120254113721536e-05,2.0172691285933335e-05,6
1652,0,1,-1.3533896687291334,0.35279054325,0.2913378088680773,0.0848777188760523,0.1390560609519834,-1.4926624039535972,0.0024438413205318,0.0004854055952609,1
638,1,1,-1.3528699795584698,-9.803891918819188e-06,7.286278344265384e-06,5.3089852110110696e-11,-0.2765959960957709,-1.3624122713462097,2.3136257455276554e-12,4.7881661645352694e-12,1
1238,0,1,-1.352683321534717,2.64731201e-06,2.4583597277517855e-05,6.043532551031832e-10,0.0513500401953573,-1.4539604437469769,1.00138166560073e-11,1.271467543838155e-12,1
195,1,1,-1.3526333181384795,5.07453661237785e-06,1.3321577163827683e-05,1.7746441813181524e-10,1.4718480086714258,1.2731496252625174,1.5722030463390354e-11,4.201539843437158e-11,1
1361,0,1,-1.3521250571867724,-1.0579031818181818e-06,1.4199713907903978e-05,2.0163187506632167e-10,-0.0671937609110607,-1.5098681207199556,1.7334680822513375e-11,2.932460211374999e-12,1
1569,1,1,-1.3513406091523121,0.0524655129032258,0.0715796434098264,0.0051236453506779,1.0055337882352628,-0.5691958169555091,0.0028130171527793,0.0079240182180034,2
2056,0,1,-1.3506513529582829,-5.731291599999998e-06,2.0213693828357413e-05,4.0859341818657455e-10,0.0197633161964641,-1.5240908734978484,9.2728503749092e-12,1.2100567908698461e-12,1
1803,1,1,-1.3494885225868865,5.071832524064172e-06,2.2543357541682724e-05,5.082029692521433e-10,-0.1578636144043858,-1.460710042415064,1.3273278485571528e-11,3.046783662429221e-11,3
372,0,1,-1.3489952888106944,0.6590833947368421,0.3336518720385728,0.1113235717148441,0.0921303767551071,-1.4497388318608468,0.0008379994472888,0.0001929899465933,3
1417,0,1,-1.348458497167488,-8.524358823529413e-07,2.606873783716947e-05,6.795790924230713e-10,0.0440967095059286,-1.5336546486684068,9.815920479306252e-11,1.469539463527555e-11,1
1621,1,1,-1.3484237372067964,0.235756723076923,0.163176107869434,0.0266264421794171,-0.4299197345944403,-1.4254465616824583,0.0012481133059717,0.0016214000682656,2
650,1,1,-1.348013314582205,-3.3535688905444143e-06,1.1249953572365904e-05,1.265614553803883e-10,-0.6968804891506,-0.5678205357266006,4.560469874766701e-12,9.32262514401934e-12,2
1950,1,1,-1.3463448264130125,1.066272046875e-05,1.8497750579341907e-05,3.4216677649554376e-10,-0.7112639414741366,-0.2682115955795616,1.8004328840821903e-11,3.5166002799645895e-11,2
1644,0,1,-1.3457895877970323,0.1793742756410256,0.3161375623556213,0.0999429583321543,1.5153386909909643,0.7042263641831701,0.0022050182368277,0.0001983036170055,1
1600,0,1,-1.3446339682348403,0.2886495156249999,0.2608746899018918,0.0680556038314082,0.2194211566748218,-1.5372841331570597,0.0037217189247708,0.0023737824634803,1
916,0,1,-1.3443928502493336,0.2351061350396825,0.3227866654234722,0.1041912313752045,0.9875014108116474,-0.6710240293780716,0.0001873183946606,0.0001544859416905,3
1017,0,1,-1.3437638872871802,-1.2543358955752214e-05,1.7505614271972653e-05,3.0644653103909267e-10,0.0158147501287229,-1.3407392519807757,1.0806604020758556e-12,6.719368860060808e-13,1
1375,0,1,-1.338860676524575,8.486277272727266e-07,2.1519953347338737e-05,4.6310839207163567e-10,-0.003872945389485,-1.515937135402752,3.9578996968148296e-11,3.895715785990001e-12,1
884,0,1,-1.3384920455737206,0.31473037,0.4198694357627341,0.1762903430877166,0.9629934262803984,-0.6822464311222229,0.0002986357892215,0.0001772004455219,2
2022,1,1,-1.3367836467122165,-2.0241684999999997e-06,2.1046093318924485e-05,4.4293804398887784e-10,0.8017510297206263,0.4396557477427865,2.5620695882802455e-10,8.61022126448005e-10,3
183,0,1,-1.3358940484379107,1.6483633196319018e-05,2.259233385849003e-05,5.10413549173475e-10,-0.803056437831646,-0.5887700711331796,4.10277038121123e-13,8.955850294504753e-13,1
1186,1,1,-1.3327936980248476,5.522882461687501e-07,2.04167323572329e-05,4.16842960146881e-10,0.3349471162028714,-1.023088408250943,4.926661705356363e-11,1.431265498473457e-10,2
1972,1,1,-1.3318796621074318,4.21977765625e-06,1.3168478737737409e-05,1.7340883226624214e-10,-0.4197726761970249,-1.1294459147313782,1.328849011655312e-11,1.4878218612177883e-11,1
450,1,1,-1.3318163470346647,-4.749823359595952e-07,1.5626979833278444e-05,2.4420249870969116e-10,-0.5310672970742335,0.1272137568964972,2.1044822621369288e-11,6.090794615233343e-11,3
1838,0,1,-1.3315695144724413,-2.5810627777777775e-06,2.156005679788148e-05,4.648360491278755e-10,0.0597006111234651,-1.3610667717451623,6.14929757538699e-11,1.3257744022048439e-11,1
1478,0,1,-1.3306651152916875,1.655124391304348e-06,1.690932146330265e-05,2.859251523493077e-10,0.2207938417052048,-1.490874512858246,2.356088433687836e-11,2.5848887513699896e-12,1
1234,0,1,-1.328854376876989,-9.066485581395348e-07,1.14881199812076e-05,1.319769007026213e-10,-0.0631608718702567,-1.516452572728595,3.2566751979580585e-12,1.0797216375146129e-12,1
1264,0,1,-1.3281657191339178,-2.6569397275000003e-06,1.048929397677413e-05,1.1002528813119002e-10,-0.7922105156817004,-0.5688770038512643,1.987240487733368e-12,6.56440350832171e-13,1
212,1,1,-1.3280425803736748,-3.2345738512755098e-06,1.4062908837580736e-05,1.977654049741063e-10,-0.8117325925619459,-0.7957637475531518,1.0906849047416252e-11,3.126487378288847e-11,1
1907,0,1,-1.326966037434681,9.90276994736842e-06,2.251233571945299e-05,5.068052595453591e-10,-0.2317445209725342,-1.018389186946398,5.6098695011889876e-11,1.5236684150953743e-11,1
2053,1,1,-1.326548367888793,-1.1464999782608693e-06,1.7089725561488076e-05,2.9205871976697894e-10,-0.423526214619388,-0.5332121014135613,4.3519254388447936e-11,8.255584960082022e-11,3
1230,0,1,-1.3261241872609806,-7.482004739130435e-06,1.0125483631038888e-05,1.0252541876243643e-10,0.0187488924108231,-1.4602973899825724,2.237880884809462e-12,7.426537915705623e-13,1
897,1,1,-1.3261154573027176,0.0074997257142857,0.0137228664348304,0.0001883170631881,1.3536858600488548,-0.0464637548755555,1.333616109326923e-05,2.2022404462135926e-05,5
1739,1,1,-1.3257651894874793,0.0305966228484848,0.0621071815162695,0.0038573019958948,1.798133755551808,1.5216641614514357,1.0640899365974087e-05,6.119725884676269e-06,2
736,1,1,-1.3237354584853298,-7.98615786885246e-06,2.7979278059679032e-05,7.828400007408366e-10,0.4568396769178345,-1.0871864130564413,6.910843322587391e-11,1.5817270652949946e-10,2
1384,0,1,-1.3228759305026998,-2.04362727272727e-07,1.6923748201244305e-05,2.8641325317911984e-10,-0.0109705247533418,-1.5177786675519158,2.4527986070627665e-11,2.5393084669699987e-12,1
941,0,1,-1.3226911509189943,0.2099117632508834,0.1704125879675497,0.0290404501377978,-0.1822424927677005,-1.7629017871591968,5.074030520744681e-05,7.281874707814949e-05,1
554,1,1,-1.3219695854067872,3.0613708702702705e-06,1.9440645087621877e-05,3.7793868142287665e-10,0.0787431109276287,-1.315029943443082,1.61004654894104e-11,3.2975457040774905e-11,3
200,0,1,-1.3217231392241564,7.195646134976526e-06,1.655475941614282e-05,2.740600593263693e-10,0.1080302129369434,-1.5082766435689812,3.0953365757988093e-13,7.582793706191015e-13,1
1443,0,1,-1.3208931825014862,1.7652446249999998e-06,1.1012810669530091e-05,1.2128199884291586e-10,0.0322923367850033,-1.443140688616395,1.9576506623892797e-11,2.834977068873387e-12,1
1969,1,1,-1.3202672165303992,-1.061743655172414e-06,2.8740347370815583e-05,8.260075669951461e-10,0.4747306260283037,-1.100029847021582,1.5052434726494176e-10,3.6486890376640956e-10,2
2067,0,1,-1.3202210568809756,-2.3052229163265304e-05,1.6967064199711128e-05,2.87881267557119e-10,0.0130461558594259,-1.51903833834972,5.428127375573035e-12,1.6730982878067657e-12,1
635,1,1,-1.3192723248829978,4.560616185185184e-06,1.2668422895986274e-05,1.6048893867154924e-10,-0.8443159077969206,-0.753669931429882,3.421549179662884e-12,7.041850570801138e-12,2
1353,0,1,-1.318984031983854,2.0435606521739134e-06,2.680110277194012e-05,7.182991097920963e-10,-0.039585219157121,-1.5255370319205894,5.7019216699590285e-11,6.173595701178572e-12,1
1901,0,1,-1.3184890292493638,1.2739657894736836e-06,2.397732797858829e-05,5.749122569927927e-10,-0.0551890002427997,-1.269517984905834,7.148463543568889e-11,2.2018130170342556e-11,1
287,0,1,-1.3174292311174804,3.453854398169336e-06,2.132228030519161e-05,4.5463963741316204e-10,-0.0080430424757562,-1.5160925804941523,3.562412594324445e-13,7.924781766091768e-13,1
1867,0,1,-1.3165527475688594,6.012670476190475e-07,1.0501353886107713e-05,1.1027843344126955e-10,-0.1523030762446153,-1.4914071605006396,1.1337404268697399e-11,4.640729611866193e-12,1
1528,1,1,-1.315508823893,0.1373248909523809,0.1627338350264434,0.0264823010624137,0.8628018540682961,-0.838264114340046,0.0025581903431275,0.0048150693377204,2
1747,1,1,-1.3122262180761735,0.015136826112676,0.0332635433603658,0.0011064633168869,1.995336791104324,2.2618750737579276,1.4896891926112995e-05,1.109838299464193e-05,2
1769,0,1,-1.3116219045911883,0.0296299917491166,0.0632939376749193,0.0040061225463965,1.979185030208043,2.3706972179766144,4.341238896772035e-06,3.4241713888471593e-06,3
881,0,1,-1.3113894149837952,0.454437245032258,0.372781346377607,0.1389659322071014,0.2391080681861559,-1.5269736392027065,0.0004786735370231,0.0006498096620526,2
1892,0,1,-1.3096507621004803,-2.926714e-06,2.2712985606239746e-05,5.158797151492538e-10,0.2439503571539708,-1.433324461973465,6.243037151115789e-11,2.349500678659876e-11,1
30,0,1,-1.3095946707338708,-2.1828606729743593e-06,1.110938812896962e-05,1.2341850460009111e-10,-0.3856325215567748,-0.8880815455825006,2.4016605624366516e-12,6.975553311374877e-12,3
1517,0,1,-1.3095845439697982,6.627606069230769e-06,2.3284580504488364e-05,5.421716892699995e-10,-0.5057124375987164,-1.0490810264993051,9.023744827253071e-12,9.504458772504833e-13,1
576,1,1,-1.3082341238452264,-3.9347292737430123e-07,1.559148265807141e-05,2.4309433147694147e-10,0.1657828678133292,-1.1746427837789168,7.680488844565865e-12,1.4968803342247053e-11,2
1922,0,1,-1.3080198160688492,-2.4234671000000003e-06,1.2580465429494802e-05,1.5826811042271382e-10,-0.0490913763490214,-1.5172810461992996,1.8024267248981255e-11,4.488853894119114e-12,1
285,0,1,-1.3079919011909777,5.328725221846848e-06,2.0042106480960865e-05,4.0168603219417343e-10,0.0336531031573357,-1.4412834190850488,8.703463805126912e-13,2.4090938338227823e-12,1
43,0,1,-1.3073829165529975,-2.7021560402298847e-06,1.0963596430237162e-05,1.2020044668510903e-10,-0.6651712810061887,-0.5898995336961526,2.5786907004658168e-12,7.280366690347954e-12,2
493,0,1,-1.3073421939555552,-8.851821813253012e-06,9.689713477635776e-06,9.38905472786764e-11,-0.01717017072582,-1.326252688292355,6.780266748420502e-13,1.3303214371535666e-12,1
1916,0,1,-1.3065527755064668,1.0243899523809524e-05,2.185508391207115e-05,4.776446928036711e-10,-0.2667908079754623,-1.3954485410420856,4.656314161304e-11,6.491852794130188e-12,1
1921,0,1,-1.3058290634020682,7.509934999999998e-07,1.7963346608344525e-05,3.2268182137152275e-10,0.1385044751384328,-1.519240289496465,3.5250024182356227e-11,7.829190384339503e-12,1
1301,0,1,-1.3054581670941898,-7.301356875e-07,2.5979006241672123e-05,6.74908765304839e-10,0.0153077749151091,-1.4568152658792135,1.1858818326239749e-11,8.973187986413255e-13,1
292,1,1,-1.3051549944908347,3.894326956018519e-06,2.4339599482296173e-05,5.924161029585921e-10,0.1769751650741307,-1.3571745170058216,2.7408454549722527e-12,5.472835373152135e-12,2
1175,0,1,-1.305048917244395,-1.3272363110399998e-05,1.9309390648694332e-05,3.728525672238841e-10,0.2449754959262584,-1.3785802705507588,1.1819689723830878e-12,6.24833336707645e-13,1
697,0,1,-1.30392088512626,0.1776535195454545,0.1918380591524209,0.0368018409393677,0.6288301052974299,-1.219881548679153,0.0041520777253868,0.0007700822641727,1
1390,0,1,-1.3035906489960045,-4.77511181818181e-07,2.5532498453520445e-05,6.519084772790238e-10,0.0350289778543964,-1.528100601822326,5.576248066420996e-11,5.4413350781178056e-12,1
244,1,1,-1.3026474267470092,1.4931851469962168e-05,1.2652277611299629e-05,1.6008012875339383e-10,-0.2397532075636403,-1.41797791141978,3.5268270812454805e-13,9.096163604678225e-13,2
732,0,1,-1.3026406208927352,9.02333684e-06,1.982995111029448e-05,3.932269610366694e-10,-0.3965109701374502,-1.1553221559779492,9.764132202382564e-13,7.371950857814958e-13,1
319,1,1,-1.300917609468594,1.2491965480546447e-05,1.1579662911127617e-05,1.3408859313534451e-10,-0.2610796486677867,-1.2541567588336688,3.101651054064827e-12,6.375139722462109e-12,5
1770,0,1,-1.300261134305709,0.055519689320843,0.0911974468929582,0.0083169743197939,1.3268528373698936,0.1107984339480894,7.79001599571221e-06,5.400344761799534e-06,5
1934,0,1,-1.3000526591393884,6.916547894736842e-06,2.1030607610428833e-05,4.4228645646382705e-10,-0.0170198030984764,-1.3347213423395736,5.389470024851358e-11,1.1904029199900352e-11,1
177,0,1,-1.2995476432822937,-1.0323486412587417e-06,2.1140324834739244e-05,4.4691333411829276e-10,0.0297378503368945,-1.441201515794101,5.081391789614496e-13,9.083472135161433e-13,1
1918,0,1,-1.2987503004871397,3.800610476190477e-06,1.8858582298204376e-05,3.5564612629814744e-10,-0.2045576920710034,-1.435298139353821,3.838867869117e-11,1.4477084703833797e-11,1
1896,0,1,-1.2970138566311782,-4.848388888888926e-08,1.984021274393642e-05,3.9363404172465707e-10,0.040556840799118,-1.4506258226460085,5.821758393828859e-11,2.8680519483956254e-11,1
1506,0,1,-1.2969457813644543,-2.723944509803922e-06,3.211683823738731e-05,1.031491298366503e-09,0.2178813814164656,-1.4639315126145045,1.6764277694423998e-11,7.178236747556022e-13,1
297,1,1,-1.295578938258527,-1.8269767923387108e-06,2.2644685610377047e-05,5.127817863928171e-10,0.1739723529346178,-1.3963101803074935,4.942300184589721e-12,1.0088228480409039e-11,3
1768,1,1,-1.2955037727212675,0.0059516542776203,0.0131972605863774,0.0001741676869847,2.1360547250641617,3.136704599804367,1.0318367543568753e-05,1.444565506959886e-05,5
1670,0,1,-1.2946017524883862,0.1904300068085106,0.3327591676896326,0.110728663681497,1.53260757631669,0.7641674123099054,0.0017250158393792,0.0002156387091844,1
1676,0,1,-1.2944683973301223,0.3555968646296296,0.2914594210787244,0.0849485941355452,0.1704002211445205,-1.4471414004262273,0.001220800410781,0.000223525678732,1
970,0,1,-1.2939891014841003,0.2787487015348838,0.2456305384730889,0.0603343614305796,0.2834672709238096,-1.4468724605651828,0.0001485847295524,0.0002563043635408,2
1772,1,1,-1.2936026317124785,0.0251077328368794,0.0435605451964847,0.0018975210978149,1.6105038334748891,1.1015607888192598,1.231558797550664e-05,1.3905708298078389e-05,6
733,0,1,-1.2918938581749493,2.1235557086330932e-05,1.5475397523930403e-05,2.3948792852367125e-10,0.0339620354984787,-1.3492970500088837,6.97073768286608e-13,6.294825426428841e-13,1
1202,1,1,-1.2885286505303983,-7.918431171698112e-06,2.757780133661255e-05,7.605351265616691e-10,0.3781797931699778,-0.8727120589418691,2.8026152570563867e-10,7.792734385863372e-10,2
288,1,1,-1.2882247164613752,3.134955192743767e-07,1.7459048607688397e-05,3.0481837828562616e-10,0.1339630009029291,-1.1415300029107096,1.7687948272939398e-11,5.2041584651091436e-11,2
956,1,1,-1.2867519983131679,0.2863912119843342,0.2284136056839788,0.0521727752615561,0.2105741035750443,-1.2730397407582448,0.000103895605636,0.0001271179394803,3
241,1,1,-1.2865856031272247,4.915656410820895e-06,2.5452485962864323e-05,6.478290416898054e-10,-0.0780857575966464,-1.1437299666218226,1.2962403033328478e-11,3.661370775744458e-11,2
3,1,1,-1.28629793116469,1.1707879512605042e-05,2.364926455722112e-05,5.59287714097435e-10,-0.8261874641934153,-0.2845925576500123,4.112280202789317e-12,1.0299180074673246e-11,3
2090,1,1,-1.2860354246182488,2.685872352941177e-06,1.933951050639856e-05,3.7401666662710025e-10,-0.2107112557174982,-1.4521920750094266,2.905624138269358e-10,6.256942307160224e-10,2
261,1,1,-1.2852239633086948,9.34713759159483e-06,2.1959279357841213e-05,4.82209949915711e-10,-0.1353300765692099,-1.340933720085304,2.8219937429543457e-12,6.9570009910220265e-12,5
1172,0,1,-1.2848454417145032,4.837359070754717e-06,1.4883341066118991e-05,2.21513841290424e-10,0.2142186744309811,-1.472772931547792,1.0758399315159706e-12,8.30480999260085e-13,1
1462,0,1,-1.2838023178433782,1.707246176470588e-06,2.094974340649037e-05,4.3889174879778677e-10,-0.0687497912236677,-1.504814274544088,6.332708027235937e-11,6.713557742583332e-12,1
1809,0,1,-1.2836017880177173,-6.7203611851851845e-06,1.2242553207123744e-05,1.4988010902925591e-10,-0.6838269194845955,-0.5310923193760222,6.895272116590365e-13,7.2988326055576e-13,1
1499,0,1,-1.2824871639424396,-2.9781394444444444e-07,1.346750200944539e-05,1.813736103744156e-10,-0.0156435462279009,-1.5156011075869182,2.347476925079264e-11,3.388651619445375e-12,1
1479,0,1,-1.2823304521629677,-2.806888888888889e-07,1.5601818139985252e-05,2.4341672927317287e-10,0.1635858050907404,-1.2978739981091836,1.6036219630144377e-11,1.8398860503840007e-12,1
321,1,1,-1.2810124085522425,8.031183383233542e-07,1.9086541620868164e-05,3.6429607104513277e-10,-0.0140435672431028,-0.8732232889205882,1.0611866374084224e-11,2.7525056822867767e-11,3
1805,1,1,-1.280559413400288,-9.254690283629036e-06,1.5797238035055325e-05,2.4955272953619863e-10,-0.6970441152391552,-0.7300209167974696,4.4912141779856063e-11,1.351887124570742e-10,2
1904,0,1,-1.2801989473811777,8.530288e-06,2.404335253245533e-05,5.78082800999926e-10,-0.1727385379177769,-1.0300348124896477,6.33256773630338e-11,1.650029224501637e-11,1
1846,0,1,-1.2791316394194405,1.126429705882353e-05,2.395002232147769e-05,5.736035691992796e-10,-0.2921281750945944,-1.0037714659006345,7.754964976594648e-11,2.1237593976730663e-11,1
1270,0,1,-1.278365231887498,4.122817755102041e-06,2.081433724978317e-05,4.3323663514771124e-10,0.1147107811080919,-1.5037046792225723,7.683047229124305e-12,1.2916266048794018e-12,1
197,1,1,-1.275757590763861,-7.372667083333335e-07,2.0293770323059003e-05,4.118371139250703e-10,-0.8021793183165029,-0.5857540253033928,1.1158628515878956e-11,3.1153748620265126e-11,2
313,1,1,-1.2755548359227715,-2.107213661595548e-06,2.623331795395314e-05,6.881869708732e-10,0.161089327750751,-1.3862665580217983,2.021696731012821e-11,5.820161765916799e-11,3
702,0,1,-1.2732534291844144,0.3960890583333333,0.5154094293873225,0.2656468799013653,0.945245252483616,-0.6143434735374806,0.0086306964346382,0.0015018559941826,1
444,1,1,-1.2726672577892324,5.773268397808765e-06,2.100637227504043e-05,4.4126767615758726e-10,-0.3901837200328871,-0.450854686390695,2.4974897038821384e-11,5.891639646721521e-11,4
121,1,1,-1.2722356973269213,2.2454212282608697e-06,1.5328699862498866e-05,2.349690394745728e-10,0.2775466582003152,-1.0406986180660247,6.513045969471966e-12,1.2826976891600122e-11,3
4,1,1,-1.271648563017974,8.486808235294126e-07,2.3379529179636255e-05,5.46602384661463e-10,-0.1384979514679493,-0.8870884659002054,2.4757597647001087e-11,6.240984572962385e-11,2
807,0,1,-1.2692213771839886,-1.7637262813953486e-05,2.057425288536977e-05,4.2329988179114625e-10,-0.0459630253928505,-1.5231397102278506,9.546239409238762e-12,1.0209378349850208e-12,1
1774,1,1,-1.2688568679987111,0.0872241507677902,0.1159238074324063,0.0134383291296256,1.4407521972007058,0.6458721370897269,1.5321184120174488e-05,1.544535390507895e-05,2
1191,0,1,-1.2685139566869463,-7.543322086419753e-06,2.633357062672406e-05,6.934569419526643e-10,0.0826458925803019,-1.4654707828333875,4.367555060005213e-12,8.348994786904216e-13,1
274,0,1,-1.2674636284996659,1.3213999743749998e-06,2.2861385185769135e-05,5.226429326121044e-10,0.0381874542927743,-1.455409951990813,4.05950989892065e-13,8.470843909229708e-13,1
295,1,1,-1.2673645243695968,-1.220345450669643e-06,9.853301407158657e-06,9.708754862031471e-11,-0.1049344990807841,-1.5077249486254316,8.944096199138253e-13,1.8905677582589186e-12,2
653,1,1,-1.2672669488292225,-3.0849258865979383e-06,1.799527456707188e-05,3.238299067443041e-10,0.1123737015212745,-1.140188378634576,4.57350836995033e-12,9.259463058702424e-12,2
1677,0,1,-1.264671272327248,0.383156403076923,0.3622085321332212,0.1311950207501027,0.3475076348720739,-1.3923687042472213,0.0013671992041056,0.0001118152260215,1
1842,0,1,-1.2645880181686078,5.777653529411764e-06,2.4208535595750215e-05,5.86053195690705e-10,-0.1538966814150611,-1.1169570447177928,8.457320876139374e-11,1.2188585134555568e-11,1
761,0,1,-1.2642898261134934,-1.4242894554545458e-05,1.2503705747219127e-05,1.563426574130407e-10,-0.3649449327936728,-1.195932005755844,2.941823162098797e-12,8.631261516351916e-13,1
2017,1,1,-1.2639453954740052,3.4311902641509435e-06,1.5552140000464217e-05,2.4186905859403906e-10,-0.1663525178179567,-1.3573815447577673,1.945309352668816e-11,4.195388991500953e-11,3
162,1,1,-1.2637207844713036,3.045158715953307e-06,2.5133016577426357e-05,6.31668522281188e-10,-0.0865607206049422,-1.2361360700664434,2.518005440993241e-12,4.7928148830772345e-12,1
1844,0,1,-1.2628404855128228,9.852384705882352e-06,2.417320454833023e-05,5.843438181354131e-10,-0.207656999153409,-1.0553617376161113,8.181109765941875e-11,1.4730301701943984e-11,1
1363,0,1,-1.2627327555582344,-3.1818586363636366e-06,1.3276348926748477e-05,1.7626144082477543e-10,-0.0565487847338987,-1.5204124237008527,1.5768479934259865e-11,3.264862883680001e-12,1
502,1,1,-1.2623989236044726,-2.970854078313254e-06,1.0123693041672922e-05,1.0248916080201671e-10,-0.6232225293138468,-0.4669911147027763,9.963070141334106e-12,2.032855172056466e-11,4
1410,0,1,-1.2623825780824058,8.91168125e-07,1.4557390438556982e-05,2.1191761638059022e-10,-0.0687158211009002,-1.5018728512985473,3.5684221118813335e-11,7.745180482424492e-12,1
1941,0,1,-1.2613170877285589,5.721893681818181e-06,2.6951543852490965e-05,7.263857160327435e-10,-0.802144490843386,-0.6689597049968219,2.3676739819081084e-12,8.251158745518255e-13,1
1814,0,1,-1.2612791508057355,-1.221384836231884e-05,1.830087761461525e-05,3.3492212146512557e-10,0.0932592831538022,-1.49033027883763,6.206478756894795e-13,9.068351352939967e-13,1
132,1,1,-1.2611473320805975,-2.9017051186440676e-06,1.821570637762086e-05,3.318119588356973e-10,0.0857365026002015,-1.4613426820998086,1.7688424609553472e-12,2.8725784457575928e-12,1
1235,1,1,-1.2606880809374694,-1.037596542105263e-05,5.462221919573961e-06,2.9835868298674236e-11,0.7478438990712275,-0.1345869316644763,8.014047450639888e-12,1.2971191393351824e-11,1
1020,0,1,-1.2606269709329005,8.538306203125002e-06,2.1676000990735408e-05,4.698490189503624e-10,0.2199464996822283,-1.3344286417528195,1.4899010113795717e-12,6.739837228934881e-13,1
1141,0,1,-1.2601922024565995,0.3219742313636363,0.2819760640530035,0.0795105006988235,0.1950612065618694,-1.5477785298748328,0.0019819880766979,0.0004386574866921,1
248,1,1,-1.259399377832642,6.546988954975766e-06,1.879645066946071e-05,3.5330655776946997e-10,-0.4412526060802827,-1.140642542992618,5.497335181695067e-12,1.2205853402912987e-11,4
1738,1,1,-1.2592637963687838,0.0145889735388127,0.0300153155834199,0.0009009191695722,1.83087684528794,1.7233954825432534,1.0492150234087415e-05,1.4395685843105046e-05,3
1611,1,1,-1.257909623718379,0.2540245142857142,0.1887903855252125,0.0356418096667583,0.240443087621826,-1.041315716364459,0.0013552809759122,0.000671405808837,2
797,0,1,-1.2566889142475686,2.5484573809523816e-06,2.8870645252142404e-05,8.335141572750526e-10,0.0876450466819938,-1.413499754792734,1.9374602013299462e-11,1.1070384417900006e-12,1
899,0,1,-1.2557057736559938,0.227374767077922,0.1860045476144993,0.0345976917332745,0.1586435540304562,-1.4293155887140578,0.0001663889220469,0.0002936970204913,1
1742,1,1,-1.2553813836734593,0.0558026168735632,0.0535621718314004,0.0028689062512964,0.8549693517030266,-0.2387912765837208,6.182602290641769e-06,8.788053905224474e-06,5
1839,0,1,-1.2543712656855357,3.875377555555555e-06,2.178083075994933e-05,4.744045885935551e-10,0.0410851912899916,-1.3747584967009605,6.448606782365766e-11,1.0847651898051938e-11,1
253,1,1,-1.25434844737884,2.4247871342412445e-06,1.2501194965904093e-05,1.5627987557554582e-10,-0.5659218445023012,-0.4260448385519524,2.4985222007595123e-12,6.632008414694614e-12,4
1942,1,1,-1.2539778471804908,1.1027805310377358e-05,1.4099063943506187e-05,1.9878360408307623e-10,-0.0094600712060504,-1.1815836891205838,1.0458552265969379e-11,1.9796667552918124e-11,2
705,0,1,-1.2531502485895873,0.291112024137931,0.420511494504012,0.1768299170099977,1.0810090855367505,-0.4705702734084021,0.0044476273866175,0.0003165406950785,1
1813,0,1,-1.2528182822180678,2.805441829113924e-06,2.518792186254605e-05,6.344314077537252e-10,-0.2583843496294722,-1.3453066103818874,1.5514252105638217e-12,9.533696721506425e-13,1
1847,0,1,-1.2525105646686705,9.549170789473683e-06,2.1877963943713174e-05,4.786453063224137e-10,-0.3888863639571074,-0.8481542259599006,5.1992193719259094e-11,9.54292965798751e-12,1
453,1,1,-1.252299739085898,-7.011938404942958e-07,1.5320714770474497e-05,2.347243010782354e-10,-0.8049939104405839,-0.7189908976565844,2.531519965864975e-13,5.989030983118799e-13,1
1083,0,1,-1.2520232865227658,0.4051102050847457,0.433202823087577,0.1876646859310466,0.5569083457092124,-1.268383826389047,0.002878541629082,0.0002347356380592,1
904,0,1,-1.251728296098587,0.1664159774193548,0.1427977282187814,0.0203911911844449,0.1770837356378005,-1.4311831451799593,0.0001685048225113,0.0004099083721212,3
1655,0,1,-1.2511117250925303,0.2107662597590361,0.3320691197571985,0.1102699002963206,1.5050700904562415,0.6974800769647809,0.0020925181691807,0.0001925665762407,1
1819,0,1,-1.250966837553852,2.05594465e-05,2.28368414738217e-05,5.215213285004628e-10,-0.2597744034745464,-1.382135411430483,5.917392730686149e-11,1.0272535418544445e-11,1
1732,0,1,-1.2504465988741233,0.1259203588015717,0.1702431710478198,0.0289827372884172,1.0571640306151724,-0.5239894564079175,1.6078953822176272e-05,2.0759023263243385e-05,3
1434,0,1,-1.2488531515109733,-4.558780588235294e-07,2.660819820000808e-05,7.079962114509132e-10,-0.0386263957020907,-1.5162881165277975,1.0211099993617456e-10,1.2762728940776938e-11,1
876,0,1,-1.2488143853629277,0.2851573505371901,0.4063984222887715,0.1651596776388026,1.06814854634998,-0.4816022111114297,0.0003118282671951,0.0002043011200987,1
1736,0,1,-1.2467570312435086,0.056000191004184,0.0987223638976525,0.0097461051335405,1.4171672369773636,0.2964840894583038,1.4965122180847384e-05,9.574160846286568e-06,4
1933,0,1,-1.2450475133772918,5.817436857142859e-06,1.9168036525444107e-05,3.6741362424075945e-10,-0.0625657253820489,-1.2792908096381477,3.60989082514676e-11,1.0066539536908988e-11,1
1853,0,1,-1.2449878436377644,9.018716526315788e-06,2.152188362331123e-05,4.63191474695352e-10,-0.4467365298622391,-0.7850750010120628,5.2088030121902574e-11,7.891108367440528e-12,1
728,0,1,-1.244269120195511,2.0630050608333338e-05,1.53322433505368e-05,2.3507768616007987e-10,-0.1491609464665627,-1.1779741917011382,8.32184554458437e-13,5.875352224610386e-13,1
