OBJECT_NAME,OBJECT_ID,predicted_anomaly,lof_score,ECCENTRICITY,INCLINATION,BSTAR,MEAN_MOTION
STARLINK-1145,2020-006Y,1,-40.63792362947382,0.0603455,52.2463,0.0001,16.35636332
STARLINK-34003,2025-094U,1,-19.60096799261696,0.0003578,70.0004,0.0015228,15.42777357
STARLINK-34379,2025-123M,1,-18.408267672535157,0.0001888,70.0013,0.0012702,15.42726144
STARLINK-4572,2022-105AW,1,-18.07644941822108,0.00018334,97.6185,0.00029165204,15.21032701
STARLINK-1362,2020-025H,1,-17.417382479666152,0.00019302,53.1641,-0.0077249033,15.29922952
STARLINK-6214,2023-064AJ,1,-17.105353680328072,0.0003148,69.9924,0.0003161,15.2177856
STARLINK-3448,2022-016Q,1,-15.387258133894838,0.0235087,53.6456,0.002734,16.10805178
STARLINK-1185,2020-006AV,1,-14.934278406055395,0.0001142,53.1589,3.0672e-05,15.32708153
STARLINK-30924,2023-180L,1,-12.76229072719293,0.0001444,43.0017,3.5967e-05,15.32102613
STARLINK-36755,2026-026F,1,-9.682265339085735,0.00016648,97.2846,0.0017641533,15.49187679
STARLINK-36746,2026-026N,1,-9.566900876450877,0.0001275,97.2846,0.0015884,15.49217972
STARLINK-36708,2026-025W,1,-9.35007334777671,0.0001543,97.2848,-0.0015994,15.49208658
STARLINK-1816,2020-073AW,1,-8.5809663724277,0.0001091,53.0405,0.00067869,15.74211333
STARLINK-2728,2021-040BC,1,-8.518142603253457,0.0001313,53.1578,-0.0029882,15.29391265
STARLINK-6197,2023-078A,1,-8.066178284634386,0.00073767,69.9933,0.00073989303,15.17055792
STARLINK-30189,2023-105A,1,-8.005303501717476,0.0001691,42.9988,0.0040132,15.52271183
STARLINK-3107,2021-082AT,1,-7.724150773351953,0.0007239,69.9934,0.0013057,15.10577093
STARLINK-4446,2022-099AS,1,-7.543902302231085,0.0001232,97.6024,0.013209,15.41110709
STARLINK-34059,2025-094J,1,-7.490998075933703,0.0007749,70.0018,0.00064189,14.98390164
STARLINK-36179,2025-299T,1,-7.481847301503945,0.0001443,43.0016,-0.010853,15.28598995
STARLINK-1911,2020-074L,1,-7.386475116378305,8.97e-05,53.0467,0.00076336,15.72382237
STARLINK-6355,2023-099AE,1,-7.1644825360161715,0.0001208,43.0023,-0.0007325,15.02471238
STARLINK-31432,2024-106L,1,-7.157786176874408,0.0002562,42.9998,-0.0050158,15.27543516
STARLINK-5056,2022-119AA,1,-6.853705969236034,0.01142137,53.2039,0.033404886,16.05679517
STARLINK-2446,2021-018BK,1,-6.590702743472865,0.00013212,53.1625,2.480103e-05,15.31023947
STARLINK-2569,2021-036B,1,-6.569436536774037,0.0001673,53.128,-0.00078829,15.23860526
STARLINK-6312,2023-065AK,1,-6.5511541300563465,0.0001318,43.0032,-0.00073891,15.02574438
STARLINK-30067,2023-067F,1,-6.514697438551328,0.0002201,43.0032,-0.0017851,15.02657278
STARLINK-1262,2020-019G,1,-6.488716777633132,0.0001278,53.1561,4.2024e-05,15.29346425
STARLINK-36858,2026-040G,1,-6.458300079315616,9.31e-05,97.2755,0.0012293,16.06667413
STARLINK-11156,2024-164G,1,-6.33637643186489,0.00013094,53.1584,0.00024340928,15.7177049
STARLINK-4578,2022-125B,1,-6.273843757628168,0.0002299,53.2176,0.0093223,15.65072736
STARLINK-4346,2022-077AG,1,-5.8908838204155485,0.000474,97.6383,0.00031046,15.2050565
STARLINK-31108,2024-005L,1,-5.875878507651857,0.0004097,43.0021,-0.0028791,15.26853153
STARLINK-11168,2024-124A,1,-5.8225889972750595,6.03e-05,53.1591,-0.00048895,15.70001871
STARLINK-5895,2023-037BC,1,-5.629476532568903,0.0005426,69.9967,0.0014758,15.07334133
STARLINK-4496,2022-097AA,1,-5.514415762712129,0.0001274,53.2167,-0.0010977,15.08803723
STARLINK-3051,2021-082AD,1,-5.501859982417832,0.0006338,69.9975,0.00022437,15.04620965
STARLINK-36144,2026-033J,1,-5.477212065191508,0.00034781,42.9976,-0.0023805274,15.81396851
STARLINK-6271,2023-061Z,1,-5.432142761703437,0.0001592,43.0002,-0.00049119,15.05814639
STARLINK-11361,2024-187M,1,-5.414686412340245,0.0001057,53.1574,0.00029981,15.69706044
STARLINK-30564,2023-156R,1,-5.232037556567834,0.0001607,53.1606,-0.0016588,15.30182569
STARLINK-36749,2026-026P,1,-5.165037231764438,0.00032401,97.2847,0.0017336007,15.49217904
STARLINK-4465,2022-099AH,1,-5.041243178214877,0.0001557,97.6385,0.00062023,15.89686375
STARLINK-1168,2020-006AE,1,-5.025036391037569,0.00011728,53.1594,-3.5701118e-05,15.29354927
STARLINK-1227,2020-012BE,1,-4.943332615224071,0.0001139,53.1596,7.9027e-05,15.31038194
STARLINK-32280,2024-152S,1,-4.893819192430028,0.00092183,53.1203,-0.015491307,16.29944754
STARLINK-35085,2025-192R,1,-4.873019827008841,3.785e-05,53.1598,0.0013307921,15.36288029
STARLINK-36950,2026-039G,1,-4.833934056223983,0.0001621,42.9994,-0.0023722,15.8218106
STARLINK-1500,2020-038Q,1,-4.750317220740176,0.0001883,53.0371,0.00090533,15.34929575
STARLINK-36816,2026-035N,1,-4.70583454098944,0.0001074,97.2687,-0.0024407,15.81107699
STARLINK-5876,2023-058E,1,-4.596849030135873,0.000212,97.6027,-0.0013907,15.05650578
STARLINK-31697,2024-076V,1,-4.569222318653458,8.73e-05,43.0024,6.5266e-05,15.28587927
STARLINK-6063,2023-078AW,1,-4.530252125150313,0.0003494,70.0007,0.00049079,15.58830192
STARLINK-11355,2024-249G,1,-4.448892719059815,0.000175,43.0009,0.0050843,15.70374602
STARLINK-30602,2023-160G,1,-4.432447429818277,8.37e-05,43.0028,6.8205e-05,15.22970255
STARLINK-36688,2026-022J,1,-4.381549072238206,9.572e-05,97.2837,-0.0014056816,15.74777074
STARLINK-4404,2022-084G,1,-4.321602576057446,0.0001517,97.6114,0.0017763,15.91187281
STARLINK-4461,2022-099AQ,1,-4.313817156472195,0.0001121,97.6318,0.0015245,15.91656695
STARLINK-4361,2022-099AE,1,-4.232966851274542,0.0001759,97.644,0.0016625,15.92016498
STARLINK-1350,2020-025E,1,-4.199376708947975,0.0002168,53.0733,0.00047727,15.36170637
STARLINK-2180,2021-017AS,1,-4.1955499771642755,7.347e-05,53.1608,0.00067692764,15.38029481
STARLINK-6221,2023-064AN,1,-4.169234800960654,0.0006016,70.0035,-0.019855,14.96564842
STARLINK-3XXX,2022-010C,1,-4.138405624582233,0.0079772,53.2173,-0.0013435,15.98893515
STARLINK-5800,2023-042BH,1,-4.125469450146687,0.0001184,43.0066,-0.000313,15.02515598
STARLINK-35674,2025-299R,1,-4.091099544776506,0.0001264,43.0001,2.252e-05,15.28397965
STARLINK-11142,2024-107N,1,-4.091069314053759,2.04e-05,53.159,9.9652e-06,15.69713184
STARLINK-3XXX,2022-010B,1,-4.076996288763429,0.0078778,53.2173,-0.0013261,15.9921023
STARLINK-30861,2023-171A,1,-4.048571011633067,0.000206,43.0009,0.00036218,15.22536564
STARLINK-4349,2022-077B,1,-3.9718205218880756,0.0001608,97.6012,0.001126,15.8332513
STARLINK-34939,2025-175K,1,-3.880327320195343,0.0002252,97.6024,-0.0011812,15.05628724
STARLINK-34479,2025-126X,1,-3.8788708420555147,0.0005208,70.0012,0.0010056,14.98360299
STARLINK-11210,2024-118D,1,-3.8733300732933698,4.9e-05,53.1588,0.0003363,15.69534619
STARLINK-3083,2021-082AE,1,-3.836325139933397,0.000492,69.9687,0.00060297,15.64701058
STARLINK-4714,2022-107E,1,-3.788424064152191,0.0002848,53.2173,0.00019323,15.08853123
STARLINK-11157,2024-118K,1,-3.785688015988891,0.0001332,53.1574,0.00034096,15.69765978
STARLINK-36253,2026-040P,1,-3.7751989630551783,0.0001991,97.2778,-0.010235,15.86430015
STARLINK-36487,2026-005N,1,-3.760059472390006,0.0001576,42.996,-0.0026561,15.28481628
STARLINK-35138,2025-192S,1,-3.7483767290493852,9.52e-05,53.1581,0.00092817,15.37946918
STARLINK-30845,2023-170B,1,-3.7481930948648445,0.0001414,43.0029,0.00081749,15.0317999
STARLINK-2185,2021-017AX,1,-3.725047353202578,0.00011652,53.1619,0.00012006716,15.31031483
STARLINK-3XXX,2022-010D,1,-3.7133198422919107,0.0071354,53.223,0.001996,16.12601425
STARLINK-5433,2022-175AM,1,-3.7057586646295753,9.976e-05,53.2197,-0.00070558914,15.0889321
STARLINK-4318,2022-077AV,1,-3.68467649313508,0.0002412,97.5997,0.006645,15.02065231
STARLINK-4081,2022-053E,1,-3.682905227022716,0.0016418,53.2161,-0.022154,15.06368243
STARLINK-6208,2023-083V,1,-3.649048470978557,0.0001026,43.0041,0.00048311,15.02509537
STARLINK-11281,2024-158G,1,-3.618884612130622,2.59e-05,53.1573,1.2465e-05,15.69706888
STARLINK-5503,2023-094AR,1,-3.5638391211791864,0.0001695,43.0006,-5.2091e-05,15.05004526
STARLINK-4478,2022-101C,1,-3.539740856638967,0.0003694,53.2166,0.001534,15.10732962
STARLINK-30366,2023-131T,1,-3.536430362189018,0.0001182,42.9991,0.00086878,15.02839883
STARLINK-4381,2022-084AK,1,-3.51777357642863,0.0037034,97.6225,0.0001,16.54933179
STARLINK-5519,2023-094F,1,-3.5174380090000716,1.766e-05,43.0043,2.5555917e-05,15.02538277
STARLINK-36635,2026-018N,1,-3.5059669361749584,0.000331,97.2842,-0.0060873,15.73114278
STARLINK-4423,2022-084W,1,-3.4986830661259027,9.035e-05,97.603,0.0012696619,15.01385741
STARLINK-3149,2021-104R,1,-3.486588489290207,8.34e-05,53.2153,0.0047775,15.84955898
STARLINK-5515,2023-083J,1,-3.4629142687868275,1.87e-05,43.0013,0.00011531,15.02549615
STARLINK-4636,2022-107AH,1,-3.460019487046015,0.00053504,53.2139,0.0013397991,15.1193435
STARLINK-36740,2026-026W,1,-3.411743047319779,0.0001507,97.2852,-0.0046994,15.49266527
STARLINK-36881,2026-038B,1,-3.3907907202182956,0.0001511,97.2763,-0.0028834,15.81129884
STARLINK-11113,2024-107C,1,-3.375390186169944,3.17e-05,53.1591,-4.4017e-05,15.69739995
STARLINK-6311,2023-065AL,1,-3.371432205616871,0.0001244,43.0024,0.0004683,15.0257905
STARLINK-1460,2020-035V,1,-3.3547247099504696,0.0001326,53.157,0.00087746,15.29338219
STARLINK-3258,2021-125BC,1,-3.3546470727342785,0.0001216,53.2092,0.002584,15.97746917
STARLINK-3700,2022-025A,1,-3.329145034554068,0.0001438,53.1607,2.0056e-05,15.2935433
STARLINK-35738,2025-299Q,1,-3.3121036715339764,0.0001447,43.0,-0.12346,15.31279559
STARLINK-2606,2021-038AK,1,-3.309393506071296,0.0001347,53.1568,0.00092086,15.29333721
STARLINK-34651,2025-152V,1,-3.302875125813815,8.23e-05,97.6039,0.0015753,15.01318546
STARLINK-36502,2026-020L,1,-3.2828789349150087,0.0001468,42.9999,-0.00068986,15.50576558
STARLINK-36603,2026-018D,1,-3.275494164963773,0.0004373,97.2853,-0.0032131,15.73972499
STARLINK-4449,2022-105U,1,-3.25765041004991,0.0005683,97.6348,0.0012762,16.25857663
STARLINK-5571,2023-013BB,1,-3.2460623653064324,0.0001317,43.0026,0.00020317,15.03355481
STARLINK-36097,2025-298S,1,-3.2283959411281082,0.0003438,70.0011,0.0032125,15.26248952
STARLINK-36527,2026-020Q,1,-3.2160500367660156,0.0001546,42.9996,-0.0012052,15.50587275
STARLINK-3280,2021-125AE,1,-3.186112911181471,0.0059346,53.215,0.00064938,16.17012138
STARLINK-34014,2025-098S,1,-3.1800491314004184,7.21e-05,70.0015,0.00064328,14.98346042
STARLINK-3178,2022-010M,1,-3.1682388808692648,0.0001065,53.2174,-0.00054675,15.0886572
STARLINK-2040,2021-012AN,1,-3.1599795759548215,0.00014591,53.1582,1.9547009e-05,15.29372659
STARLINK-1300,2020-019Q,1,-3.1443399214835503,0.0001412,53.1591,-1.6292e-05,15.29373929
STARLINK-33962,2025-098AA,1,-3.141322687717603,0.0002776,70.0016,-0.014139,14.98066585
STARLINK-4469,2022-105K,1,-3.1403210103210832,0.0002201,97.6273,0.0019225,15.88900991
STARLINK-34695,2025-157N,1,-3.1342376333386475,6.934e-05,53.161,0.00065965584,15.39746032
STARLINK-36261,2025-299D,1,-3.1268069191580095,0.0001304,43.0005,0.00011212,15.2840782
STARLINK-2169,2021-017AG,1,-3.121283637593915,0.00014236,53.1591,7.587166e-05,15.29349151
STARLINK-1017,2019-074L,1,-3.106799167628688,0.0001466,53.0558,0.001993,15.24403968
STARLINK-1167,2020-006AD,1,-3.0951116275962915,0.000142,53.16,6.7204e-05,15.29357108
STARLINK-6108,2023-090BG,1,-3.0867910531745104,9.22e-05,43.0027,0.00044631,15.02582046
STARLINK-4650,2022-104Z,1,-3.0638068218345738,0.0055899,53.1516,0.00032393,16.39243652
STARLINK-1153,2020-006AN,1,-3.062105402707167,0.0001015,53.1611,0.0001441,15.29346968
STARLINK-33956,2025-098B,1,-3.0440930432576865,0.00010552,70.0012,-0.013471642,14.97850556
STARLINK-33778,2025-094P,1,-3.0423929707903596,0.0009767,70.0005,-0.11863,14.963349
STARLINK-32664,2024-229N,1,-3.0389629550400596,0.0007652,43.0013,0.0038461,15.32848018
STARLINK-30790,2023-162K,1,-3.0235162319647912,0.0010147,42.9983,0.0025389,15.13318583
STARLINK-31920,2024-100Y,1,-3.0113614252959056,0.0005993,42.998,0.0047666,15.3404987
STARLINK-3352,2022-005AV,1,-2.9909050163921247,0.00018045,53.1895,0.0018868965,15.24776917
STARLINK-4057,2022-086AD,1,-2.987623079571594,0.0001316,53.2155,0.0033585,15.91734938
STARLINK-30344,2023-131F,1,-2.9848748341803084,6.39e-05,42.9985,0.00011463,15.05114038
STARLINK-30537,2023-153A,1,-2.978721326609945,0.0008919,43.0,0.0021624,15.27220138
STARLINK-30227,2023-113L,1,-2.973762850740909,0.0003903,43.0046,0.0013169,15.18475497
STARLINK-34657,2025-147W,1,-2.971516508031438,4.07e-05,53.157,0.0023911,15.30270887
STARLINK-36151,2025-299X,1,-2.971476563065298,0.0001396,43.0001,-0.11012,15.30072047
STARLINK-31704,2024-076Y,1,-2.9625919619013956,0.0008643,42.9982,0.0030809,15.31271569
STARLINK-6261,2023-061AV,1,-2.9313546856179338,0.0004632,42.9965,0.0050912,15.03094983
STARLINK-3855,2022-049Z,1,-2.9271905530632627,0.0001252,53.2143,0.0027653,16.00634382
STARLINK-4378,2022-099M,1,-2.921486965831095,9.32e-05,97.602,0.0052373,15.01835085
STARLINK-2383,2021-018R,1,-2.893796314018057,0.0001261,53.1557,-9.9441e-05,15.29340649
STARLINK-43,2019-029Y,1,-2.89156825202614,0.0051498,52.9787,0.00031058,16.52216489
STARLINK-5587,2023-094AD,1,-2.880828027008799,7.15e-05,43.0009,0.00038164,15.04575338
STARLINK-1039,2019-074AH,1,-2.877868401195349,0.0002796,53.0508,0.0024434,15.21909359
STARLINK-34487,2025-129F,1,-2.8748439099723955,0.000318,70.0023,-0.00039309,14.98330242
STARLINK-2103,2021-005AL,1,-2.8702734129560836,0.0001197,53.1598,0.00015983,15.31050065
STARLINK-4317,2022-077R,1,-2.869499906778418,0.0001757,97.6035,-0.00073661,15.04839227
STARLINK-1184,2020-006BG,1,-2.8607898075908897,0.0005336,53.0523,0.0019194,15.1034513
STARLINK-2315,2021-018C,1,-2.859896275561053,0.0001069,53.054,-0.0005099,15.06420532
STARLINK-2302,2021-024AZ,1,-2.843946856332775,0.0051143,53.0023,0.00046491,16.45073709
STARLINK-2705,2021-044AL,1,-2.8223062116339586,0.0001085,53.1601,-0.00011584,15.31026893
STARLINK-35843,2026-018T,1,-2.8218834504431354,0.000469,97.2849,0.0023231,15.75236502
STARLINK-35060,2025-212T,1,-2.8115031179955574,9.78e-05,53.1613,0.00098826,15.31095663
STARLINK-35533,2025-259H,1,-2.8103891038745674,8.7e-06,42.9976,0.0019853,15.2756557
STARLINK-3307,2021-125J,1,-2.7924744226832527,0.0010425,53.1826,0.0081965,16.39511435
STARLINK-34756,2025-152H,1,-2.7916544752413364,8.87e-05,97.603,0.0041692,15.04821334
STARLINK-30922,2023-180N,1,-2.7658923654293353,0.0003534,43.0035,0.0072489,15.26625025
STARLINK-3365,2022-005AT,1,-2.765807910334672,0.0006669,53.2157,0.1502,16.10504406
STARLINK-3276,2021-125AK,1,-2.7657560216041395,0.0004088,53.2147,0.0016597,15.12523092
STARLINK-5851,2023-037AK,1,-2.7638551439392627,0.000379,70.0228,0.015708,15.45345111
STARLINK-3952,2022-051B,1,-2.7605992002005566,0.0001485,53.2172,0.0087727,15.50718802
STARLINK-5720,2023-020BC,1,-2.7538685503288276,3.412e-05,43.0024,0.00024125568,15.02563561
STARLINK-3048,2021-082U,1,-2.749937355748999,0.00029772,69.9981,2.4572341e-05,14.97525475
STARLINK-30866,2023-171H,1,-2.742275909956283,0.0001565,43.0029,0.00086935,15.26677988
STARLINK-32784,2025-008W,1,-2.7393615926318313,0.000706,42.9993,0.0027512,15.31403639
STARLINK-3068,2021-082AA,1,-2.7382132194585957,0.00029752,69.9981,5.3169624e-05,14.97529775
STARLINK-36375,2026-036S,1,-2.7336109712123733,6.906e-05,42.999,0.0013842814,15.82109736
STARLINK-6144,2023-083U,1,-2.7296840489928873,0.0001177,43.0022,0.00030589,15.02536083
STARLINK-5956,2023-042J,1,-2.7266300796679324,0.00016052,43.0011,-0.00032315983,15.02504335
STARLINK-3886,2022-051AY,1,-2.710309525270502,0.0002292,53.1943,0.00019798,16.58849514
STARLINK-31119,2023-203A,1,-2.7017381127390268,0.0020354,42.9951,0.01956,16.27217415
STARLINK-36255,2025-299A,1,-2.6959726562163806,0.0001293,43.0003,-0.00014566,15.28406888
STARLINK-2162,2021-017AC,1,-2.6930424006897615,0.0001039,53.1589,0.015517,15.46030837
STARLINK-32828,2025-034S,1,-2.6868859541951187,5.24e-05,53.1564,0.0028121,15.3025293
STARLINK-6213,2023-083R,1,-2.685000532627684,0.0001739,43.0036,0.0010214,15.02632236
STARLINK-4398,2022-099B,1,-2.6776652714757416,0.0002794,97.6028,0.0021314,15.01482283
STARLINK-3633,2022-017AB,1,-2.657803508373067,0.0001428,53.2192,0.012214,15.41020329
STARLINK-30976,2023-183L,1,-2.6576261066983453,0.0001568,43.0013,0.00097259,15.26746976
STARLINK-3050,2021-082BC,1,-2.6531309065006825,0.0003928,69.9948,0.0029793,15.96401929
STARLINK-5091,2022-177BF,1,-2.6509202012181587,0.00013482,43.0077,0.00032338576,15.03165936
STARLINK-4491,2022-097W,1,-2.649298372238868,4.74e-05,53.2167,1.3366e-05,15.08840494
STARLINK-32264,2024-191X,1,-2.637541593611904,0.0004265,42.9989,0.0028738,15.32419443
STARLINK-30842,2023-177G,1,-2.6279654365993617,0.0001927,43.0011,0.00052725,15.24513082
STARLINK-6216,2023-083T,1,-2.6266331149347324,0.0001189,43.004,-0.00018497,15.02510116
STARLINK-11176,2024-113B,1,-2.6257243588334713,0.0001054,53.1583,0.00014429,15.69712208
STARLINK-30781,2023-162F,1,-2.625097539846416,0.0001315,43.0029,0.0010436,15.26720006
STARLINK-31351,2024-031H,1,-2.621277001301255,6.6e-05,53.1613,-0.00055481214,15.30272681
STARLINK-6309,2023-065AJ,1,-2.617281233792732,5.95e-05,43.0034,-0.00011659,15.0253562
STARLINK-1301,2020-019B,1,-2.6159277039577953,9.138e-05,53.0424,0.00061510509,15.65094391
STARLINK-2150,2021-017T,1,-2.6100651026059536,8.756e-05,53.1615,-0.00068766614,15.30276411
STARLINK-30903,2023-177E,1,-2.6098781476102944,0.00025045,43.0003,0.004579941,15.27249349
STARLINK-2571,2021-038BA,1,-2.6093242212834946,0.00011017,53.1602,0.00059778025,15.29369792
STARLINK-35892,2025-299P,1,-2.6050443542377204,8.58e-05,43.0,-0.040984,15.2912458
STARLINK-30219,2023-113N,1,-2.6003773327539297,0.0001226,43.0008,-0.00095339,15.22649392
STARLINK-33590,2025-123AB,1,-2.596999106163839,0.0014293,70.0062,-0.10246,14.96333137
STARLINK-1733,2020-070AJ,1,-2.590258836308,0.0002347,53.0421,0.00058388,15.74538991
STARLINK-36385,2026-025AA,1,-2.589042359042277,0.0001519,97.286,0.0015562,15.80915484
STARLINK-4451,2022-099AD,1,-2.589038512512441,0.0001168,97.6041,0.0046256,15.01759928
STARLINK-2594,2021-038AM,1,-2.5876524496467685,0.00012057,53.1565,0.00027932733,15.29367456
STARLINK-34176,2025-110J,1,-2.5869293644601496,0.00015768,53.1602,-0.00047163172,15.3021361
STARLINK-35222,2025-212B,1,-2.581892048426486,0.0002176,53.1599,-0.00048157,15.30163111
STARLINK-1790,2020-073X,1,-2.580751606496512,0.0002557,53.0412,0.0003585,15.73759624
STARLINK-36219,2025-299Z,1,-2.5766805496333705,0.0001225,42.999,0.0012124,15.28437892
STARLINK-4302,2022-099S,1,-2.563496092623088,0.00051,97.5999,-0.00014864,15.01270764
STARLINK-36516,2026-008L,1,-2.560476354724371,0.0006312,42.9979,0.0012685,15.27611988
STARLINK-30904,2023-177P,1,-2.5556162504118047,0.0004064,43.0008,0.0010662961,15.04893689
STARLINK-11349,2024-184N,1,-2.5537234497889076,4.26e-05,53.1612,1.9409e-05,15.69708051
STARLINK-30464,2023-146T,1,-2.5505871621297014,5.711e-05,42.9927,4.3943755e-05,15.0332988
STARLINK-34374,2025-123T,1,-2.5420055770832244,0.0015462,70.0022,0.071355,15.00262547
STARLINK-3603,2022-017BA,1,-2.5398548118987723,6.88e-05,53.2169,0.0029798,15.76586174
STARLINK-2512,2021-036AV,1,-2.5383407209983306,0.0001073,53.1513,0.0037066,15.29233441
STARLINK-35875,2025-299K,1,-2.5353175566733968,0.000146,42.9999,0.00089078,15.28447319
STARLINK-5272,2023-010AF,1,-2.527283484560367,0.0018637,69.9936,0.00087779,16.43522126
STARLINK-34472,2025-129Y,1,-2.519503403837823,0.0004778,70.0007,0.00045433,14.98341094
STARLINK-6148,2023-090S,1,-2.518380932149218,0.0002929,43.0068,-9.6802e-05,15.02526087
STARLINK-2680,2021-040E,1,-2.5163342105363196,8.1e-05,53.0547,0.00016472,15.06414446
STARLINK-2757,2021-041BD,1,-2.506812145636843,0.0001309,53.0534,0.00061908,15.06423351
STARLINK-2686,2021-040AN,1,-2.5062950827550834,0.0001001,53.1566,-0.00044272,15.29354702
STARLINK-1443,2020-035D,1,-2.5043416804474274,0.00032953,53.1397,0.0024254988,15.25421513
STARLINK-33905,2025-094T,1,-2.5017349476216135,0.0002722,70.0022,-0.00048051,14.98342522
STARLINK-5660,2023-013E,1,-2.5007370629262775,5.888e-05,43.0015,7.2126372e-05,15.02534749
STARLINK-2386,2021-018U,1,-2.499221431880506,8.23e-05,53.056,0.00018009,15.06395791
STARLINK-36195,2025-299Y,1,-2.4913747092489444,0.0001333,42.9995,-0.067367,15.33812534
STARLINK-6169,2023-083P,1,-2.486481621692689,0.0001418,43.0076,0.0003574,15.02566063
STARLINK-32955,2025-039P,1,-2.4840853886609917,0.0010016,43.0013,0.0021957,15.36199313
STARLINK-33967,2025-102F,1,-2.480775085755897,0.0003106,70.0018,-0.00035634,14.98322042
STARLINK-2627,2021-044BB,1,-2.4806469278470638,0.000132,53.1564,0.00010541,15.29363803
STARLINK-33858,2025-094X,1,-2.474969802016663,0.0002643,70.0017,-0.011173,14.97950346
STARLINK-1281,2020-019L,1,-2.4698348349059005,0.0003801,53.1575,0.0035097,15.2989548
STARLINK-4407,2022-084H,1,-2.4685745845138354,0.0003163,97.6114,0.0017399,15.91980074
STARLINK-5731,2023-083BA,1,-2.466706334050746,0.0004484,43.0043,0.0021362646,15.02773384
STARLINK-34920,2025-194P,1,-2.4604136375368744,0.0001053,97.6016,0.001188,15.05687797
STARLINK-1525,2020-055AR,1,-2.455394695408587,0.0001624,53.0563,0.00097568,15.13713468
STARLINK-1971,2021-009AA,1,-2.4480899202209434,9.09e-05,53.0381,0.0013861,15.89880802
STARLINK-34868,2025-210AC,1,-2.443977100777181,0.00012704,53.1611,-0.00034284567,15.30188513
STARLINK-30164,2023-113F,1,-2.440888019075465,0.0001276,43.0009,0.0012026,15.26686241
STARLINK-32932,2025-037G,1,-2.4322827850399977,0.0002714,70.0029,-0.00044217286,14.98335439
STARLINK-6033,2023-058F,1,-2.4298532198714566,0.0002158,97.6042,0.0025565,15.04733273
STARLINK-36312,2026-018W,1,-2.4205674700571143,0.000229,97.2809,-0.0039457,15.7437625
STARLINK-34051,2025-102A,1,-2.4161157239511786,0.000372,70.0007,0.0028212,14.98319475
STARLINK-36268,2025-304H,1,-2.4130984984313213,0.0001942,70.0059,0.0028814,14.98348848
STARLINK-2457,2021-036AX,1,-2.4122921488764564,8.56e-05,53.1515,0.0037586,15.29229642
STARLINK-5968,2023-042AA,1,-2.4085395905569427,0.00012476,43.0014,-0.00012792849,15.02530514
STARLINK-30359,2023-134J,1,-2.4064342758041564,0.0001573,43.008,0.0085237,15.26677911
STARLINK-5288,2023-010AQ,1,-2.403780850981769,0.0003088,70.0023,-0.00032466,14.98329796
STARLINK-30778,2023-167H,1,-2.3994533450380837,0.0003609,43.002,0.0026383,15.27297794
STARLINK-5658,2023-013H,1,-2.3990228186124467,0.000229,43.0075,6.4763e-05,15.02537038
STARLINK-34407,2025-126D,1,-2.3980973470096405,0.0011048,70.0039,0.048505,14.99324176
STARLINK-1047,2019-074AR,1,-2.3958591210273577,0.0002161,53.0701,0.00038214,15.32632623
STARLINK-2697,2021-040AY,1,-2.387815888754867,0.000121,53.1512,0.0033514,15.29160033
STARLINK-36912,2026-038A,1,-2.3835219294805405,0.0001214,97.2763,-0.0040131,15.81299684
STARLINK-34225,2025-129C,1,-2.379938260265944,0.0003191,70.0017,-0.00028017,14.98335598
STARLINK-1335,2020-025BC,1,-2.3798922686352593,0.0001406,53.1591,0.00011586,15.29365996
STARLINK-36470,2026-002Q,1,-2.3749473832655026,8.76e-05,42.9976,-0.00020554,15.27611152
STARLINK-32933,2025-037F,1,-2.3705033600090983,0.0002619,70.0025,-0.0010949,14.98331352
STARLINK-5136,2023-061AS,1,-2.3691698408668627,6.46e-05,43.0042,0.00017355,15.025439
STARLINK-34270,2025-126M,1,-2.3686903600994866,0.000751,70.0083,-0.096062,14.96514764
STARLINK-34111,2025-102V,1,-2.368169768116787,0.0003885,70.0004,0.002954,14.98320035
STARLINK-34909,2025-191Y,1,-2.3622494243573327,0.0002554,97.6019,0.0016798,15.05689423
STARLINK-34346,2025-112K,1,-2.3603904858736566,6.304e-05,97.6036,0.0015739036,15.05690655
STARLINK-11149,2024-112D,1,-2.355451186238221,4.55e-05,53.1587,-1.2822e-05,15.69684106
STARLINK-2607,2021-038AQ,1,-2.3496264240399483,0.00012918,53.1605,0.00023395002,15.29367122
STARLINK-36259,2025-299E,1,-2.3473950168851645,7.62e-05,43.0008,-0.085755,15.30959216
STARLINK-5092,2023-014T,1,-2.340354727200064,0.0003187,69.9988,0.0014857,16.02601397
STARLINK-6321,2023-099N,1,-2.3339938465638057,0.0002261,43.0087,0.00012651,15.02547711
STARLINK-6152,2023-090W,1,-2.333816904796813,6.46e-05,42.9998,-9.8444e-05,15.02522669
STARLINK-31861,2024-100X,1,-2.3334348461506784,8.54e-05,43.005,-0.00028993,15.27477085
STARLINK-1506,2020-038T,1,-2.3263306159168025,0.0002524,53.0742,0.00082454,15.26302733
STARLINK-32839,2025-037A,1,-2.3252391274973023,0.0002728,70.0025,-0.001392,14.98308564
STARLINK-34917,2025-175S,1,-2.3230825863314886,0.0002229,97.6022,0.0034367,15.05624666
STARLINK-30158,2023-105J,1,-2.321023552283532,0.000129,42.9999,0.00089504,15.26736432
STARLINK-30157,2023-113T,1,-2.3204348529854433,0.0001133,43.0041,-0.0014479,15.26759954
STARLINK-2249,2021-041AR,1,-2.3200544103019722,7.98e-05,53.0558,-1.0062e-05,15.0639222
STARLINK-34743,2025-158F,1,-2.3128510314987354,0.0003615,97.602,0.0014508,15.05708804
STARLINK-1593,2020-057C,1,-2.3067854181241296,0.0002487,53.0436,0.00061538,15.75230651
STARLINK-35137,2025-212L,1,-2.3061136887608162,0.0001046,53.1591,0.00052301,15.31027905
STARLINK-35148,2025-221X,1,-2.298786272022563,0.0001177,53.1598,-0.00031632,15.30189985
STARLINK-35685,2025-299AC,1,-2.2921832087743406,0.0001093,43.0,-0.038239,15.29085323
STARLINK-36675,2026-022R,1,-2.2918273854831663,0.0001653,97.2837,-0.0059387,15.73985587
STARLINK-31734,2024-074A,1,-2.2887835897649658,6.983e-05,42.9997,-0.00012595146,15.27608717
STARLINK-33986,2025-094G,1,-2.288432745841537,0.0011737,70.0052,0.070352,15.00171436
STARLINK-6070,2023-078AM,1,-2.2867679798423612,0.0003345,70.0011,0.0049571,15.36130572
STARLINK-6211,2023-088M,1,-2.2808307151112794,0.0002192,43.0066,7.1806e-05,15.02535428
STARLINK-32041,2024-124V,1,-2.276516323305204,0.0002686,53.1605,0.00012208,15.30219981
STARLINK-31271,2024-017B,1,-2.276252838032096,0.0003985,53.1617,0.00034507,15.30198761
STARLINK-1807,2020-073AN,1,-2.2669146556851567,0.0003939,53.0597,0.0029315816,15.23753048
STARLINK-31061,2023-200Y,1,-2.2642183045581534,8.37e-05,42.9989,-0.00012903,15.27571795
STARLINK-33993,2025-098Z,1,-2.2641487817907513,0.0001391,70.0001,-0.0101,14.98093744
STARLINK-2199,2021-006A,1,-2.2630829714389322,0.0023876,97.4607,0.0010549,16.41294746
STARLINK-36476,2026-002K,1,-2.259669443608342,0.00056218,42.9997,0.0013580402,15.27625215
STARLINK-34958,2025-179C,1,-2.259266839902957,0.00012144,97.6024,0.0013925109,15.05665579
STARLINK-31069,2023-200U,1,-2.257052011642845,3.38e-05,42.9976,0.0064799,15.26174432
STARLINK-30487,2023-147M,1,-2.256380224691445,6.457e-05,43.0047,1.084766e-05,15.02529055
STARLINK-36344,2026-025T,1,-2.2551328839531175,7.7e-06,97.2841,0.0017126,15.75270285
STARLINK-35296,2025-218L,1,-2.2506851910600374,0.0002715,97.6026,0.0011266357,15.05686081
STARLINK-34836,2025-191W,1,-2.250613911732817,0.0003166,97.6029,0.0011827,15.05701928
STARLINK-5892,2023-037AS,1,-2.2461854298058466,0.0002762,69.9984,-0.00039827,14.98351048
STARLINK-5228,2022-141Z,1,-2.245925316567342,0.0001749,53.2165,0.0023343,15.25879645
STARLINK-2420,2021-018AW,1,-2.2458904707837952,0.0001899,53.0563,-3.5072e-05,15.0639493
STARLINK-3546,2022-016E,1,-2.2458279288945513,6.54e-05,53.2159,0.0015721,15.15359296
STARLINK-30165,2023-107A,1,-2.2442347966599963,0.00023663,43.0018,0.0049933451,15.27338715
STARLINK-31281,2024-041D,1,-2.2435335739723214,0.00034432,43.0031,-0.00058736167,15.27662771
STARLINK-5656,2023-015C,1,-2.2406567894911977,0.0003649,43.0037,0.0043361,15.03029492
STARLINK-36325,2026-034M,1,-2.2331845311671485,0.0002538,53.1584,0.0024598,15.81033292
STARLINK-3XXX,2022-010L,1,-2.229073003558877,0.0044415,53.2042,0.0,16.21472211
STARLINK-11295,2024-184E,1,-2.2278674649888957,0.00022521,53.1595,4.1874383e-05,15.6970094
STARLINK-30494,2023-151G,1,-2.2247966051886845,0.0001645,43.0044,7.2484e-05,15.28427018
STARLINK-1795,2020-073AC,1,-2.223545880324277,0.0002367,53.0412,0.00010724,15.67421805
STARLINK-3102,2021-082X,1,-2.223360711409459,0.0002885,69.9979,-0.00024367,14.98326929
STARLINK-32549,2024-222E,1,-2.2211660429470497,0.0001097,42.995,-0.0010326,15.27548542
STARLINK-34343,2025-112M,1,-2.220759827388252,0.000202,97.6027,0.0017845,15.05698789
STARLINK-34954,2025-184C,1,-2.220379098886562,0.00025585,97.6023,0.0022314411,15.057121
STARLINK-31180,2024-005E,1,-2.219920249495813,0.00013415,43.0014,0.00084084985,15.26758695
STARLINK-30838,2023-170F,1,-2.2195584905966683,0.0001085,42.9988,-0.00020899,15.27586077
STARLINK-36336,2026-035Y,1,-2.2157806883728868,0.0001794,97.2687,-0.0045926,15.81367175
STARLINK-34941,2025-176N,1,-2.21494925562133,0.0003602,53.1599,0.00079028,15.30218308
STARLINK-36349,2026-038D,1,-2.214047165387015,0.0001124,97.2753,-0.004557,15.81321941
STARLINK-35112,2025-200A,1,-2.211925265765395,0.0001153,97.6038,0.0011396,15.05638914
STARLINK-34034,2025-098X,1,-2.207962811763269,0.00020966,70.0011,0.0015375566,14.98361424
STARLINK-5179,2022-136BD,1,-2.2057576037187583,0.00011589,53.2184,0.00044278016,15.08859949
STARLINK-2163,2021-017AD,1,-2.198622045794794,0.0001192,53.1594,0.00035001,15.31048814
STARLINK-1280,2020-019AE,1,-2.1979334198918905,0.0001456,53.0428,0.00057151,15.65729536
STARLINK-32019,2024-120N,1,-2.19619390378483,0.00013191,53.1608,-0.00028862813,15.3021354
STARLINK-36263,2025-304L,1,-2.1960631304942613,0.0003668,70.001,-0.0015332,14.98343408
STARLINK-1558,2020-055J,1,-2.192782638006169,0.0001936,53.1165,0.050415,15.20691906
STARLINK-30104,2023-056Q,1,-2.1908185834915055,0.0001215,43.0031,-0.0015656,15.26748842
STARLINK-34182,2025-101V,1,-2.19081772043845,4.641e-05,42.9982,-0.00016954635,15.27566107
STARLINK-2581,2021-038BM,1,-2.183811983962976,9.8e-05,53.0555,0.00026126,15.0641332
STARLINK-4348,2022-077AJ,1,-2.182524811101985,0.0001277,97.6047,0.0032365,15.03831554
STARLINK-36291,2025-304D,1,-2.1796460684154813,0.000371,70.0008,-0.0011143,14.98332409
STARLINK-6201,2023-064AQ,1,-2.1796026328333915,0.0004087,69.9913,0.00064492,16.0999037
STARLINK-2755,2021-040BD,1,-2.1752127520613422,3.34e-05,53.1546,-0.00035753,15.29345759
STARLINK-4707,2022-107X,1,-2.174247532308468,0.0001631,53.2157,-0.00036709,15.08814541
STARLINK-5884,2023-037AV,1,-2.1661822246951323,0.00025936,69.9997,0.0025619192,14.98325632
STARLINK-32914,2025-037K,1,-2.1587579046535486,0.00014439,70.0051,-0.00096695671,14.9812118
STARLINK-35190,2025-211M,1,-2.1572070868262196,0.0001193,97.6028,0.001047,15.05693639
STARLINK-32335,2024-195S,1,-2.157177121803576,0.0014717,53.147,0.0041701,15.54957728
STARLINK-34701,2025-158X,1,-2.1546562866781716,0.0002674,97.6037,-0.0005152,15.05618888
STARLINK-35235,2025-212G,1,-2.150006142395119,0.0001302,53.1589,-0.0004510753,15.3020994
STARLINK-2509,2021-036AU,1,-2.148546640254114,0.0001926,53.121,0.049901,15.2180333
STARLINK-35361,2025-211R,1,-2.1402941940604863,6.29e-05,97.6033,0.0011009408,15.05653265
STARLINK-4684,2022-104H,1,-2.1383988963162035,0.0001389,53.2156,-0.00034693,15.08861772
STARLINK-2211,2021-017BJ,1,-2.1336844941604363,0.0001103,53.1612,0.01705,15.37477087
STARLINK-36715,2026-025Z,1,-2.132012610847906,0.0003438,97.2856,0.0010733,15.80957235
STARLINK-2171,2021-017AJ,1,-2.1317781680485135,0.0002028,53.043,0.00016072,15.7127072
STARLINK-3289,2021-125T,1,-2.1307857942124113,6.95e-05,53.2145,0.0017201,15.10309101
STARLINK-6039,2023-058C,1,-2.12525196893247,0.0001919,97.6029,0.0033784,15.05364326
STARLINK-31096,2023-200D,1,-2.120677181302847,0.0002028,43.0008,0.002087,15.23457711
STARLINK-5642,2023-014AR,1,-2.1194108520789845,0.0002399,69.9993,-0.00067583,14.98367674
STARLINK-2683,2021-040AL,1,-2.117775180912995,0.0001061,53.159,-0.00064361,15.30197225
STARLINK-31234,2024-038W,1,-2.1131102403872704,0.0001124,43.0041,-0.00025173,15.27625558
STARLINK-1664,2020-070X,1,-2.110648283728116,0.000163,53.05,0.0013624,15.38866247
STARLINK-35108,2025-216E,1,-2.1082106679622967,0.0001234,53.158,-0.00065596,15.3016346
STARLINK-3080,2021-082AH,1,-2.106819879442614,0.0002973,69.9983,-0.00022709,14.98329374
STARLINK-33721,2025-070W,1,-2.101849447076304,0.0004929,42.9965,-0.00036055,15.27574781
STARLINK-2588,2021-038AX,1,-2.095861970479489,0.0005974,53.0732,0.002189,15.15193137
STARLINK-34708,2025-165G,1,-2.0946140115285248,0.00021199,97.6013,0.0012993355,15.05645311
STARLINK-5676,2023-015R,1,-2.093223194788278,0.00012507,43.0022,-9.9505679e-05,15.02519791
STARLINK-2459,2021-027AD,1,-2.09219218000155,0.0001392,53.0757,0.051995,15.11800567
STARLINK-2049,2021-005H,1,-2.0921406222738703,0.0001667,53.0545,0.00070358,15.06414592
STARLINK-31505,2024-049G,1,-2.0914055858156617,8.54e-05,43.0045,-0.0001164,15.27602864
STARLINK-3141,2021-104BD,1,-2.0906970419444186,0.00010492,53.2152,0.00064928008,15.0888391
STARLINK-3287,2021-125S,1,-2.0861970583277265,0.0002185,53.2137,-0.00032142,15.08845971
STARLINK-30345,2023-129D,1,-2.0851286177588593,6.45e-05,43.0002,5.6897e-05,15.26743225
STARLINK-5541,2023-064AD,1,-2.0821217484810726,0.0003241,70.0,-0.00015318,14.98326532
STARLINK-35224,2025-218W,1,-2.081331858350553,0.000461,97.6035,0.0003548,15.05679527
STARLINK-2145,2021-041C,1,-2.075633553801946,0.0002082,53.0567,0.0001677,15.06419724
STARLINK-6266,2023-065AR,1,-2.075251920669417,0.0002333,43.0,9.0313e-05,15.02529184
STARLINK-6354,2023-078T,1,-2.0743052832071784,0.0002493,70.0003,-0.00022484964,14.98299524
STARLINK-5941,2023-042AD,1,-2.073075551315621,0.000209,43.0065,6.7147e-05,15.0253647
STARLINK-34664,2025-150S,1,-2.069650399533233,0.0002859,70.002,-0.0013526,14.98326362
STARLINK-30805,2023-170J,1,-2.069301891660511,4.31e-05,42.9998,0.0023031,15.27487262
STARLINK-2658,2021-040AX,1,-2.066103866991046,9.7e-05,53.1514,0.0029716,15.29176268
STARLINK-30184,2023-096W,1,-2.063925083168172,5.62e-05,42.9939,1.222e-05,15.26750354
STARLINK-3767,2022-045AX,1,-2.061159624944293,4.93e-05,53.2076,0.00081749,16.1469553
STARLINK-35091,2025-210U,1,-2.060999648974479,0.0001079,53.1576,-0.00030535,15.30181068
STARLINK-2706,2021-040BF,1,-2.060799031061852,0.0001094,53.1615,-0.00031576,15.30261896
STARLINK-36721,2026-036N,1,-2.0607669369997486,0.0009019,42.998,0.0024325,15.83610022
STARLINK-35906,2025-299L,1,-2.0596047928872547,0.0001028,42.9988,0.00092881,15.28460378
STARLINK-11230,2024-164D,1,-2.0593845450852064,4.94e-05,53.1582,-2.8188e-05,15.69702285
STARLINK-34005,2025-098K,1,-2.057734411397064,0.0003044,70.0006,0.001632,14.9831714
STARLINK-3369,2022-005AQ,1,-2.0563638931949844,0.00031415,53.2141,0.0017420852,15.19085682
STARLINK-31600,2024-057X,1,-2.0546524768860923,7.73e-05,43.0007,-0.00010208,15.27549953
STARLINK-2633,2021-040H,1,-2.0482438409564043,0.0001298,53.156,0.00054776,15.29375567
STARLINK-2418,2021-027F,1,-2.0480312135973966,0.0001335,53.0556,0.0025064,15.0665949
STARLINK-5666,2023-013U,1,-2.0476130844519957,0.0002388,43.0029,0.00022077,15.0256252
STARLINK-2377,2021-018L,1,-2.047474501250017,0.000135,53.1582,0.00019496,15.29351854
STARLINK-2413,2021-018AS,1,-2.0468437343561505,0.0001285,53.1029,0.049697,15.17717736
STARLINK-3783,2022-041X,1,-2.0464267954022577,8.74e-05,53.2157,0.00033305,15.08837471
STARLINK-31484,2024-036H,1,-2.042370204670699,1.93e-05,53.1604,2e-05,15.30188232
STARLINK-32646,2024-239G,1,-2.0390302457540335,9.74e-05,53.1578,-0.00029533,15.30157367
STARLINK-36640,2026-018M,1,-2.038678141966367,4.871e-05,97.284,0.0029891245,15.75361933
STARLINK-36188,2025-299W,1,-2.037720974002583,0.0005006,43.002,0.0023587,15.28488761
STARLINK-34514,2025-129E,1,-2.037620357215184,0.0003193,70.0028,0.0016258,14.98362024
STARLINK-36103,2025-288AC,1,-2.037507075453263,0.0001146,43.0023,-0.00082563,15.27587239
STARLINK-35065,2025-194H,1,-2.0340733162211686,0.0001906,97.5997,0.0014972,15.05646702
STARLINK-35014,2025-192AB,1,-2.0329916819276357,0.00035706,53.1596,0.001513517,15.30206614
STARLINK-35478,2025-225H,1,-2.0301299596386593,7.76e-05,53.16,-0.00023105,15.30213683
STARLINK-30881,2023-171X,1,-2.0284874272964886,0.0001441,42.9993,0.0016032,15.25582187
STARLINK-11108,2024-088E,1,-2.0228839661298172,4.963e-05,53.1575,3.1816097e-05,15.69699341
STARLINK-3342,2022-001P,1,-2.022075421404476,8.17e-05,53.2125,0.0015403,15.13660333
STARLINK-3157,2021-104F,1,-2.020172154717246,5.97e-05,53.216,0.00014307,15.08853951
STARLINK-4586,2022-104BA,1,-2.020170354214902,9.13e-05,53.2158,0.0016635,15.08894727
STARLINK-36194,2025-299AE,1,-2.016064840802763,0.000149,42.9999,0.0012066,15.28461708
STARLINK-30396,2023-151A,1,-2.0155967924452938,0.00018062,43.0007,0.0044705443,15.27277112
STARLINK-33733,2025-069C,1,-2.015135963513887,0.0001102,53.1585,-0.0005454,15.3018966
STARLINK-5599,2023-028AB,1,-2.012270185971162,0.0003316,70.0001,-0.00021837,14.98334823
STARLINK-30552,2023-153J,1,-2.011390876628361,6.3e-05,42.9994,0.00014706,15.26750774
STARLINK-33633,2025-063V,1,-2.0104994581424527,0.0013213,53.1531,0.0052265,15.65174271
STARLINK-32878,2025-024P,1,-2.0087962615532864,0.00052985,43.0018,0.00094343771,15.2761652
STARLINK-5212,2022-136AA,1,-2.00606500350148,0.00011255,53.2181,0.00059612526,15.08873743
STARLINK-31141,2024-012S,1,-2.005733318746345,0.0001159,42.9975,-0.00012429,15.27572292
STARLINK-31002,2023-186Y,1,-2.003103690137416,9.11e-05,43.0021,0.00023368,15.27589155
STARLINK-32235,2024-152V,1,-2.0029026329190964,7.87e-05,53.1597,-0.00024571,15.30201354
STARLINK-35371,2025-262AE,1,-2.0028384099691228,0.00013184,42.9981,-0.00021319124,15.27578716
STARLINK-3611,2022-017M,1,-2.0004122318967608,0.0001245,53.2167,0.00047302,15.0886048
STARLINK-31217,2024-038P,1,-2.000109655334014,4.96e-05,42.9994,0.00022823,15.28109288
STARLINK-31912,2024-084C,1,-1.9930328277760747,9.25e-05,43.0015,-0.00011145,15.27555113
STARLINK-35701,2025-299S,1,-1.9913567384829753,0.0001051,42.9993,-9.6814e-05,15.27571722
STARLINK-30985,2023-186W,1,-1.9906232093920575,0.00014134,43.0028,0.0064971479,15.27352882
STARLINK-11345,2024-220F,1,-1.988474834832569,4.54e-05,42.9998,0.0025717,15.70928572
STARLINK-36771,2026-036AA,1,-1.9872665474572528,0.0002565,42.9988,0.0010778,15.82095351
STARLINK-1123,2020-001S,1,-1.985549966450049,0.00017001,53.1523,0.00046774964,15.28232683
STARLINK-31258,2024-017D,1,-1.9847929601660972,8.26e-05,53.1589,-0.00013789,15.30204995
STARLINK-33921,2025-225AA,1,-1.983413133779782,0.000198,53.1587,-0.00033594,15.30173122
STARLINK-5995,2023-064J,1,-1.981997874764249,0.0002562,70.0012,-0.0002158,14.98342483
STARLINK-30145,2023-113B,1,-1.9805477270770069,0.0001011,43.0006,-0.00074612,15.26737185
STARLINK-2280,2021-021B,1,-1.9802456792751297,0.0001473,53.1615,-0.00018853,15.29328985
STARLINK-33690,2025-065H,1,-1.9789309977735425,0.0001089,43.0031,-0.00029858688,15.27552369
STARLINK-5314,2023-021BC,1,-1.9780600614881148,0.0016634,69.9923,0.00077082,16.35391708
STARLINK-30926,2023-183M,1,-1.9779647269987621,4.82e-05,42.9959,0.00027241,15.26751472
STARLINK-11194,2024-124E,1,-1.9755957850246542,0.000206,53.1579,0.00025325,15.69768764
STARLINK-30756,2023-162M,1,-1.9737411596433998,0.0001101,43.0009,0.0012457,15.2671548
STARLINK-3046,2021-082AR,1,-1.971428887773056,0.0001266,70.0019,-0.00018744,14.98255406
STARLINK-34709,2025-152C,1,-1.9711314906627202,0.0002152,97.6035,0.00097181,15.05644835
STARLINK-5388,2022-177AA,1,-1.9687317946644662,0.000205,43.0046,9.7565e-05,15.02540541
STARLINK-4582,2022-101AU,1,-1.9685083242247174,0.000121,53.217,-0.00031078,15.08846939
STARLINK-55,2019-029AK,1,-1.967968639912644,0.0004294,53.1,0.00062063,16.55493516
STARLINK-31368,2024-031F,1,-1.9650380941187287,0.0001045,53.1606,-0.00029354,15.30211164
STARLINK-5734,2023-020AV,1,-1.9649736784991632,0.0001256,43.0005,0.00075577,15.04768082
STARLINK-5000,2022-119BB,1,-1.9638792046333537,0.00018358,53.2173,0.00046861155,15.08906436
STARLINK-33952,2025-102AA,1,-1.9560137639326385,0.0003697,70.0012,-0.00057759,14.98329194
STARLINK-11090,2024-065B,1,-1.9540255332474614,0.0002105,53.1582,5.9399e-06,15.69705609
STARLINK-5582,2023-078L,1,-1.9530667636598367,0.0002719,70.0006,-0.00024483,14.98335757
STARLINK-30984,2023-186H,1,-1.951829484038683,0.0001553,43.0066,-0.00012833,15.27593102
STARLINK-6080,2023-046V,1,-1.9494935181761939,9.71e-05,43.0009,0.00024771,15.02537338
STARLINK-35063,2025-200J,1,-1.9472415325341685,0.0001335,97.6033,0.0027426,15.05733322
STARLINK-3089,2021-082AN,1,-1.9449945267344053,0.00026487,69.998,6.7371944e-05,14.97524018
STARLINK-2149,2021-017S,1,-1.9442085909419222,0.0007873,53.0484,0.006151,15.96092386
STARLINK-4625,2022-105AM,1,-1.9427155585262934,0.00045646,97.6018,0.00030865209,15.01292437
STARLINK-32092,2024-086U,1,-1.942140858756843,0.0001264,43.0032,-0.00016664,15.27603793
STARLINK-33946,2025-102N,1,-1.940403211566538,0.0004742,70.0026,0.052953,14.99738032
STARLINK-35898,2025-280F,1,-1.9383190994132105,0.000234,70.0029,-0.00057222373,14.98336457
STARLINK-34008,2025-102R,1,-1.9379902595333083,0.0005328,70.0012,0.059078,14.99896786
STARLINK-30146,2023-105N,1,-1.935959080362953,5.75e-05,42.9991,0.0039875,15.26490921
STARLINK-36184,2025-293U,1,-1.9350160089743145,0.0003403,70.0001,-0.00078404,14.98291186
STARLINK-2277,2021-024AF,1,-1.934612739127849,0.0005134,53.0136,0.0013701,16.4935548
STARLINK-5479,2023-021AL,1,-1.9334466136384307,0.0003266,70.0014,-0.00050395,14.97526271
STARLINK-11555,2025-027J,1,-1.9324633926648993,4.07e-05,42.9979,0.002529,15.70919411
STARLINK-11320,2024-209D,1,-1.9318314964736314,0.0002327,53.1566,0.0019896,15.69784903
STARLINK-1524,2020-055W,1,-1.9306607710514032,0.0001601,53.1589,0.0027509,15.30143264
STARLINK-35171,2025-207P,1,-1.9301641693704394,6.22e-05,97.602,0.0010038,15.05701264
STARLINK-31663,2024-076N,1,-1.9274633379522643,8.25e-05,43.0011,0.00023717,15.27561775
STARLINK-30947,2023-186A,1,-1.927341820376308,0.0001609,43.0011,0.0011611,15.26729617
STARLINK-30849,2023-171R,1,-1.9271333226836014,0.0001574,43.0016,0.0012475,15.26720583
STARLINK-1559,2020-055BC,1,-1.9228562543094931,0.0004249,53.0261,0.0020464,15.29759554
STARLINK-31575,2024-068S,1,-1.917861354658358,0.0001668,43.0049,-0.00023407,15.2761953
STARLINK-35789,2025-299M,1,-1.9161335685885035,0.0001523,43.0,0.0012688,15.28456369
STARLINK-34358,2025-123Y,1,-1.913446929670633,0.0004122,70.0018,0.0010258,14.9836528
STARLINK-31225,2024-038T,1,-1.9105971636042214,0.0001036,43.0106,-0.00024326,15.2761782
STARLINK-31156,2024-005R,1,-1.909144876012552,7.26e-05,42.9976,7.8367e-05,15.26742869
STARLINK-34972,2025-175Q,1,-1.908127426613314,0.0002823,97.601,0.00089261,15.05647296
STARLINK-30317,2023-124N,1,-1.9075998588008911,0.0001302,53.1299,0.0013695,16.11125247
STARLINK-36687,2026-025U,1,-1.9049666791245599,0.0001695,97.285,-0.0055005,15.79397511
STARLINK-33904,2025-094Z,1,-1.9040366358840448,0.0002793,70.0055,-0.00021106,14.98349744
STARLINK-31104,2023-211F,1,-1.9033600327258866,0.0004887,42.9963,0.0014012,15.31778409
STARLINK-31196,2024-019R,1,-1.9025057857552166,0.0002194,43.0026,-0.00056354,15.27642396
STARLINK-36240,2025-298B,1,-1.9017775232144207,0.0002125,70.0025,0.0013486,14.99172423
STARLINK-31662,2024-076W,1,-1.8989664884807886,5.92e-05,43.001,0.00028601,15.27551513
STARLINK-2504,2021-036BE,1,-1.8982391907113811,0.0001563,53.1519,0.0042952,15.29213887
STARLINK-32281,2024-138W,1,-1.8972153764931305,0.000226,53.161,-7.4103031e-05,15.30164386
STARLINK-5868,2023-064AM,1,-1.8949457537738847,0.0003157,69.9994,-0.00015242,14.98336259
STARLINK-33994,2025-098F,1,-1.8942979951084564,0.0002497,69.9996,0.0030166,14.98315176
STARLINK-31266,2024-041P,1,-1.8923806160835928,0.00013145,43.002,-0.00023927203,15.27624286
STARLINK-6048,2023-064M,1,-1.890855058934727,0.0003207,70.0008,0.001558,14.98315008
STARLINK-1894,2020-074F,1,-1.88951485632531,0.0002849,53.0422,0.0011291,15.81422709
STARLINK-32421,2024-191H,1,-1.888495555780334,0.0001019,43.0035,-8.4792e-05,15.27560104
STARLINK-2737,2021-044AP,1,-1.888040165947252,6.27e-05,53.0379,0.0066509,16.34372668
STARLINK-6049,2023-078AF,1,-1.8878860096730101,0.0002614,70.0005,-0.00021324,14.98348992
STARLINK-5721,2023-020BA,1,-1.887160445613309,0.00014325,43.0053,-0.00010987732,15.02535688
STARLINK-30512,2023-151N,1,-1.885419159980986,6.837e-05,43.001,0.0002898318,15.2759177
STARLINK-31796,2024-082R,1,-1.8796040254400403,0.00011664,43.0006,-0.00031536707,15.27621181
STARLINK-5765,2023-090AY,1,-1.8781487637662604,0.0003436,43.0082,0.0022119,15.02797197
STARLINK-2659,2021-040AR,1,-1.8773238424876584,0.0001927,53.1486,0.053896,15.27844743
STARLINK-36118,2025-293G,1,-1.8764179308403093,0.0003942,70.0021,-0.00043011,14.98336756
STARLINK-1434,2020-035BH,1,-1.874511762089344,0.00054525,53.0538,0.0021218769,15.26967399
STARLINK-31032,2023-192E,1,-1.874374419287257,0.0001284,53.1608,-0.00019273,15.30180618
STARLINK-30554,2023-156W,1,-1.8741652404269018,0.0001373,53.1595,-0.00022238,15.30156461
STARLINK-36061,2025-280AC,1,-1.8739619069679958,0.0001297,70.0043,9.8383e-05,14.98342964
STARLINK-36435,2026-016H,1,-1.8672580739044,6.241e-05,97.2841,0.00084190106,15.75196301
STARLINK-30252,2023-119F,1,-1.8671675032609198,5.56e-05,42.9984,0.00017441,15.26747531
STARLINK-33997,2025-098C,1,-1.8667199160833114,0.0002638,70.0001,0.0032583,14.98318318
STARLINK-30285,2023-141A,1,-1.866316564596989,9.41e-05,53.1585,-0.00024753,15.30264651
STARLINK-4117,2022-083AP,1,-1.862139356110331,0.00013604,53.2149,0.0016933382,15.08827281
STARLINK-33980,2025-098E,1,-1.8611877480944234,0.0002734,70.0001,0.0032449,14.98316859
STARLINK-1954,2021-009H,1,-1.859186495939576,0.0004549,53.0578,0.0019004,15.30985675
STARLINK-1572,2020-055AK,1,-1.8577415325215534,0.0001497,53.1577,0.00033417,15.29364687
STARLINK-11542,2025-031H,1,-1.8568528281858103,7.183e-05,42.9994,0.0026386723,15.70893623
STARLINK-35267,2025-207A,1,-1.8555136457469612,0.000176,97.6022,-0.00046058,15.05653134
STARLINK-30068,2023-067L,1,-1.8548069920751733,0.0001631,43.0,0.0012761,15.26733441
STARLINK-5293,2023-010AC,1,-1.8528718594327764,0.0002865,70.0012,-0.00014481,14.98323319
STARLINK-5850,2023-088B,1,-1.8516116275332906,0.0001458,43.0045,0.00025141,15.02544804
STARLINK-35782,2025-303V,1,-1.8497771590171825,2.97e-05,42.9998,0.00056377,15.27594887
STARLINK-30250,2023-115G,1,-1.8495810109358122,5.565e-05,42.9968,0.00018578951,15.26747484
STARLINK-30230,2023-113J,1,-1.8492311220288733,0.0001914,43.001,0.0010956,15.26662851
STARLINK-30546,2023-153N,1,-1.8485699507278455,4.96e-05,42.9978,0.00010803,15.26743341
STARLINK-1319,2020-019V,1,-1.8481651081902364,0.0002428,53.0441,0.00055541,15.65458118
STARLINK-3850,2022-045M,1,-1.844986779953036,0.0002267,53.2175,-5.2269e-05,15.08842047
STARLINK-6067,2023-078BB,1,-1.843831970121974,0.00023034,70.0,-0.00058734729,14.98372745
STARLINK-11123,2024-107D,1,-1.843232098735506,5.28e-05,53.1593,7.3638e-05,15.69695102
STARLINK-35554,2025-245F,1,-1.8414577349768393,9.935e-05,53.1575,-0.00024322987,15.30189785
STARLINK-4104,2022-083AH,1,-1.8414034722786412,0.000109,53.2163,0.00033701,15.08848799
STARLINK-36123,2025-293E,1,-1.8402669079787668,0.000194,70.0067,-0.002858,14.98288538
STARLINK-31685,2024-076Q,1,-1.8396362374850397,6.4e-05,43.0004,0.00032563,15.2753939
STARLINK-32248,2024-171V,1,-1.8394093279800328,8.131e-05,53.1591,-0.00011993859,15.3018603
STARLINK-30332,2023-129C,1,-1.8387301530534068,0.000161,43.0018,0.00025825,15.02898762
STARLINK-36578,2026-016L,1,-1.8380822585770147,0.0003615,97.284,0.0016491,15.75242906
STARLINK-31689,2024-076D,1,-1.836389174364467,8.369e-05,42.9997,0.00017428023,15.27584555
STARLINK-2440,2021-027P,1,-1.8340620903029254,0.0001594,53.1557,0.00073044,15.29337307
STARLINK-35764,2025-299H,1,-1.8322298855607488,7.95e-05,43.0001,0.00028155,15.28395865
STARLINK-3669,2022-025R,1,-1.8315478096469053,0.0001614,53.1584,0.002628,15.29998662
STARLINK-3096,2021-082B,1,-1.8296130629048055,0.0003031,70.0009,0.047122,15.34946791
STARLINK-30770,2023-162Q,1,-1.828020350978711,0.0001127,43.0,0.0012992,15.26720061
STARLINK-3542,2022-022A,1,-1.8267686336244569,0.0001059,53.2193,-0.00025811,15.08846873
STARLINK-31638,2024-071F,1,-1.8258695033121035,7.205e-05,43.0013,0.00018801147,15.27586862
STARLINK-2687,2021-040AQ,1,-1.8246308295583795,0.0001036,53.1432,0.054462,15.26725274
STARLINK-30835,2023-170P,1,-1.823967427952158,0.0001301,42.9977,0.00076152,15.26756096
STARLINK-36287,2026-025R,1,-1.8235932236712433,0.0001735,97.2837,0.0032729,15.75398047
STARLINK-3241,2021-115X,1,-1.8234279260888209,6.27e-05,53.2165,9.5322e-06,15.08837485
STARLINK-1983,2021-012L,1,-1.8218438793448897,0.0001496,53.1552,0.00057346,15.29370637
STARLINK-30579,2023-158L,1,-1.8202953791440062,0.00015107,43.003,0.0041734281,15.27438291
STARLINK-11419,2025-024E,1,-1.8179763877723096,0.0001051,42.9993,0.00047123,15.7087971
STARLINK-34950,2025-175V,1,-1.8165476722510454,0.0001618,97.6017,0.0013818,15.05658705
STARLINK-36148,2025-293C,1,-1.8158072052912864,0.0003104,70.0002,-0.00091593,14.98339537
STARLINK-2722,2021-040AW,1,-1.8156656352686276,0.0001013,53.0622,0.0012139,15.08283823
STARLINK-5530,2023-064AY,1,-1.8153376546310696,0.0004383,69.9986,0.00022595,14.9834584
STARLINK-3696,2022-025K,1,-1.8145502363814123,0.0001753,53.0721,0.0007175,15.11304809
STARLINK-32886,2025-018B,1,-1.8142773084800095,0.0001409,53.1596,-0.00019134,15.30200155
STARLINK-31189,2024-012A,1,-1.814117081346706,0.0001565,42.998,-0.00011164,15.27597536
STARLINK-36728,2026-036Z,1,-1.811267061841661,0.0005252,42.9982,-0.00090356,15.81246605
STARLINK-34747,2025-158R,1,-1.8112668905500975,0.0003035,97.6007,-0.0003755,15.0565705
STARLINK-3325,2022-001AS,1,-1.8087975228416546,0.0001389,53.2168,0.0042829,15.50083247
STARLINK-31237,2024-019C,1,-1.8072866623270272,0.0001489,43.0035,-0.00028146,15.27653095
STARLINK-5332,2023-010S,1,-1.8069680322604378,0.00030299,70.0004,0.00022772815,14.98347958
STARLINK-2342,2021-021Z,1,-1.804477715355463,9.33e-05,53.1596,0.0046944,15.44499797
STARLINK-34830,2025-192B,1,-1.8030017306668493,0.0001592,53.1603,0.0011315,15.31082896
STARLINK-31409,2024-056D,1,-1.80286690724803,0.0001167,43.0017,-6.8154e-05,15.27551061
STARLINK-30079,2023-067U,1,-1.8027826498914048,0.0001321,43.0029,-5.0446e-05,15.0253234
STARLINK-5824,2023-088V,1,-1.8014364165002834,0.0001835,43.0043,-0.00018752,15.02511401
STARLINK-30613,2023-160C,1,-1.800331359026531,6.96e-05,42.9994,0.00014933,15.26744846
STARLINK-5130,2022-125AK,1,-1.7972439489882337,0.0001003,53.2164,-0.00026282,15.08835291
STARLINK-6342,2023-078D,1,-1.7939298080605348,0.00034892,70.0017,-0.0003265537,14.98331288
STARLINK-3305,2021-125L,1,-1.791664716040811,0.0002235,53.2174,0.00029178,15.08859405
STARLINK-1451,2020-035M,1,-1.7907975961029954,0.0001872,53.053,0.0018663,15.10185967
STARLINK-4484,2022-097AF,1,-1.7904847375960926,0.0001238,53.2154,0.00037725,15.08846024
