OBJECT_NAME,OBJECT_ID,EPOCH,predicted_anomaly,lof_score,MEAN_MOTION,ECCENTRICITY,INCLINATION,RA_OF_ASC_NODE,ARG_OF_PERICENTER,MEAN_ANOMALY,BSTAR,MEAN_MOTION_DOT,MEAN_MOTION_DDOT
STARLINK-4639,2022-125H,2026-02-09T23:10:43.316832,1,-28.23191176797705,16.12775102,0.0009953,53.1955,275.8826,219.5202,140.511,0.0020089,0.02174468,0.004939
STARLINK-1978,2021-009AE,2026-02-10T02:10:40.651392,1,-24.685779286466445,16.17847461,0.0005773,53.0256,40.9775,61.5062,298.6555,0.0012692,0.0197308,0.0043444
STARLINK-1986,2021-009AL,2026-02-10T01:31:04.850112,1,-24.323117286973122,16.13201994,0.0007426,53.0238,66.9515,39.6832,320.4745,0.0018432,0.02069898,0.0042648
STARLINK-35659,2025-257F,2026-02-09T07:54:08.930592,1,-8.849817502902553,15.31082342,0.0001797,53.1605,348.5993,83.733,276.3876,-0.015328,-0.00440486,0.0
STARLINK-35122,2025-198U,2026-02-09T11:40:02.107200,1,-8.360563898793345,15.32084773,0.0001785,53.1596,41.8812,85.816,274.3046,-0.011126,-0.00334671,0.0
STARLINK-35671,2025-257N,2026-02-09T10:42:26.731872,1,-8.018680960012116,15.30535556,0.0001541,53.1614,347.9031,94.8447,265.273,-0.010005,-0.00288516,0.0
STARLINK-31271,2024-017B,2026-02-09T06:46:37.763328,1,-7.951589155961862,15.30351641,0.0001267,53.1617,336.5025,87.6906,272.424,0.015483,0.0049211,0.0
STARLINK-2363,2021-021AV,2026-02-09T20:00:01.999008,1,-7.5316241678423435,15.292403,0.0001188,53.1674,24.6765,97.2774,299.2572,0.015048,0.00460205,0.0
STARLINK-4195,2022-062AS,2026-02-09T13:26:24.388800,1,-7.162742769124707,16.1733031,0.00023964,53.211,130.3336,3.618,356.4876,0.00086968553,0.01366923,0.0014937895
STARLINK-30451,2023-146Q,2026-02-10T01:19:59.782656,1,-7.025782248386413,16.037857,0.0001767,42.9969,84.9197,264.7465,95.3213,0.002325,0.01515938,0.0013894
STARLINK-30239,2023-096B,2026-02-09T07:19:12.342144,1,-6.52557947076591,15.02530568,0.0001094,43.0002,17.7412,27.6578,332.4322,0.0001296,1.547e-05,0.0
STARLINK-2354,2021-021AL,2026-02-09T20:00:01.999008,1,-6.22846866440695,15.11332867,7e-05,53.0714,36.6292,68.3201,315.2664,0.0070499,0.00121968,0.0
STARLINK-34946,2025-190S,2026-02-09T00:21:12.978720,1,-6.225442862568456,15.29904348,0.00011016,53.1572,301.4587,291.3342,68.7541,0.016354356,0.00514298,0.0
STARLINK-34020,2025-098P,2026-02-09T07:22:46.062048,1,-6.185126145196393,14.98323443,0.0003194,70.0081,345.9197,3.6834,356.4348,-0.00033457,-4.082e-05,0.0
STARLINK-34917,2025-175S,2026-02-09T20:00:01.999008,1,-6.107845372111172,15.05648002,0.0002819,97.6035,275.2306,80.6536,171.5553,-0.0028488,-0.00040932,0.0
STARLINK-35661,2025-257H,2026-02-09T07:40:44.474016,1,-6.0532356448869304,15.31301355,0.0002082,53.1613,348.5387,80.0753,280.0483,-0.0091274,-0.00270257,0.0
STARLINK-34515,2025-142S,2026-02-09T09:05:35.317536,1,-5.832511116667748,14.98165283,0.0005248,70.0021,25.6675,262.1231,97.9332,0.0062396237,0.0007485,0.0
STARLINK-35721,2025-294S,2026-02-09T19:41:37.814784,1,-5.761803905444288,15.37612596,0.0002699,42.9989,195.7497,241.3378,118.7206,-0.010724,-0.00385229,0.0
STARLINK-5919,2023-037P,2026-02-09T09:44:09.506976,1,-5.357990755922503,14.98546197,0.00049971,70.0011,15.6461,325.1053,34.9777,0.0023104995,0.00027744,0.0
STARLINK-30102,2023-105E,2026-02-09T09:55:56.356608,1,-5.304814628259058,15.02518351,6.388e-05,42.9957,55.5954,58.9486,301.1419,-2.4393274e-05,-5.33e-06,0.0
STARLINK-33895,2025-098J,2026-02-09T18:41:46.805280,1,-5.2955034317808,14.97949684,0.0006764,70.0073,344.7621,339.0523,21.0358,-0.018338,-0.00210495,0.0
STARLINK-35964,2025-278F,2026-02-09T19:29:11.411232,1,-5.183484082164093,15.30859232,0.0002627,42.9983,256.9214,293.1863,66.8713,-0.012511,-0.0036326,0.0
STARLINK-2624,2021-038F,2026-02-08T12:34:13.886112,1,-5.126606591448566,15.06653781,0.000251,53.0545,132.5547,128.6429,231.4785,0.0076238,0.00115951,0.0
STARLINK-34407,2025-126D,2026-02-09T16:00:00.999936,1,-4.828640156850865,14.98326651,0.000329,70.0003,105.2202,275.3503,11.4155,0.0011781,0.00013991,0.0
STARLINK-3051,2021-082AD,2026-02-09T05:14:42.142848,1,-4.77686311758939,15.04467697,0.0006512,69.9999,344.2651,285.8792,74.1652,0.00032007,4.392e-05,0.0
STARLINK-1502,2020-038AL,2026-02-09T22:00:03.000096,1,-4.6738022696397135,15.37711886,0.0001408,53.0541,338.172,80.9859,240.322,0.015652,0.00631369,0.0
STARLINK-33986,2025-094G,2026-02-09T18:46:53.673888,1,-4.595580058605665,14.98757578,0.0004689,70.0029,304.7916,271.6635,88.3987,0.014298,0.0017684,0.0
STARLINK-34713,2025-157C,2026-02-09T16:00:09.684864,1,-4.592489123800163,15.31004889,0.0003019,53.16,115.8144,52.3075,307.82,-0.013555,-0.0039127,0.0
STARLINK-5982,2023-078BC,2026-02-10T02:28:33.587328,1,-4.580714182028482,16.24069302,0.0001977,69.9856,38.681,245.405,114.6967,0.00065271,0.01724335,4.2377e-06
STARLINK-2370,2021-021BC,2026-02-09T20:00:01.999008,1,-4.5508501064415805,15.1207508,8.51e-05,53.0741,36.7875,126.4658,221.0776,0.0069066,0.00121974,0.0
STARLINK-35438,2025-253AE,2026-02-09T09:56:37.651488,1,-4.516656891453672,15.27581601,7.51e-06,43.0008,11.8824,98.0089,262.0771,0.00082645704,0.00022551,0.0
STARLINK-6264,2023-061BH,2026-02-09T16:00:00.999936,1,-4.506030867133616,15.02496459,0.0001421,43.0037,323.6009,235.3703,19.8941,0.0022658,0.00030504,0.0
STARLINK-35907,2025-263P,2026-02-09T14:51:19.548000,1,-4.50473907728808,15.275933,3.14e-05,42.9975,149.421,84.9242,275.1645,0.00083221,0.00022719,0.0
STARLINK-3045,2021-082AV,2026-02-09T16:00:00.999936,1,-4.477545688922772,14.98300293,0.0002696,70.0028,345.1012,271.5428,181.1507,0.0053433,0.000642,0.0
STARLINK-2517,2021-036AK,2026-02-09T20:00:01.999008,1,-4.4768355969252,15.09922306,9e-06,53.0659,216.6545,29.6292,349.4107,0.005591,0.00092585,0.0
STARLINK-1144,2020-001V,2026-02-10T01:31:40.337184,1,-4.456487155678998,16.16294367,0.0003557,53.0289,351.7457,112.9053,247.2359,0.00084901,0.01246295,0.0011515
STARLINK-2513,2021-036AT,2026-02-09T19:13:13.616256,1,-4.455121894758049,15.07378345,0.0002016,53.0607,216.7947,57.6873,302.4312,0.0079394,0.00123285,0.0
STARLINK-35838,2025-280R,2026-02-09T20:00:01.999008,1,-4.377213296231561,14.98297864,0.0003288,70.0012,44.6022,266.9714,158.3148,0.0055402,0.00066589,0.0
STARLINK-5287,2023-010AA,2026-02-09T16:00:00.999936,1,-4.362333769172428,14.98339183,0.0003096,70.0009,95.1001,273.911,25.6543,-0.0004906,-5.943e-05,0.0
STARLINK-5261,2023-010H,2026-02-09T13:34:20.589312,1,-4.320613999588898,14.98105256,0.0001447,69.9993,95.4839,294.9799,65.121,-0.0021937,-0.00026017,0.0
STARLINK-33905,2025-094T,2026-02-08T21:26:56.552640,1,-4.266111863980845,14.98517753,0.00035037,70.0008,306.9069,275.7422,84.3338,-0.012908012,-0.00151571,0.0
STARLINK-36055,2025-280AB,2026-02-09T09:17:44.572416,1,-4.258700238397023,14.98771462,0.00035347,70.001,45.9276,249.6732,110.4047,-0.005554706,-0.00066505,0.0
STARLINK-5895,2023-037BC,2026-02-09T06:04:41.029824,1,-4.257020866970537,15.06186457,0.0005389,69.9988,333.3016,288.7817,71.2761,0.0016654,0.00024436,0.0
STARLINK-1541,2020-055AB,2026-02-09T05:20:20.700384,1,-4.209900141827235,15.06829429,0.0001535,53.0559,244.4132,107.9086,252.2071,0.0055065,0.00083685,0.0
STARLINK-6070,2023-078AM,2026-02-09T20:00:01.999008,1,-4.164064894290071,14.99188906,0.0003131,70.0012,34.666,283.5056,4.5133,0.0060783,0.00074861,0.0
STARLINK-2429,2021-018BD,2026-02-09T09:21:59.220864,1,-4.149888914870241,15.29087483,0.00024813,53.1583,16.8554,114.9423,245.1835,-0.0062630086,-0.00175455,0.0
STARLINK-2227,2021-041Y,2026-02-09T20:00:01.999008,1,-4.109818058042113,15.14834962,5.13e-05,53.0897,216.776,116.0316,251.8545,0.0031392,0.00059215,0.0
STARLINK-6060,2023-078AD,2026-02-09T20:00:01.999008,1,-4.095024973120319,14.98297405,0.000307,70.002,34.6703,267.4028,12.2234,0.0061614,0.00074145,0.0
STARLINK-5346,2023-065R,2026-02-09T07:06:44.798112,1,-4.076314845880406,15.02622449,0.0001027,43.0001,4.6238,358.222,1.8618,-0.0013579,-0.00018541,0.0
STARLINK-35837,2025-280V,2026-02-09T16:00:00.999936,1,-4.0601753305840536,14.98352956,0.0002745,70.0007,45.2005,285.8646,162.1491,-0.0038094,-0.0004528,0.0
STARLINK-3680,2022-025P,2026-02-09T15:14:59.142336,1,-4.030526507053599,15.07371681,0.0001268,53.0574,153.1592,130.9935,229.1164,0.0067432,0.00104368,0.0
STARLINK-34629,2025-150A,2026-02-09T19:27:32.954976,1,-4.002360906249868,14.98146639,0.000406,70.0026,204.6382,199.7314,160.3689,-0.010035,-0.00117303,0.0
STARLINK-4755,2022-114AK,2026-02-09T11:07:46.625376,1,-4.000719508951429,15.08829233,5.762e-05,53.2185,60.6098,154.1986,205.9035,-9.7949689e-05,-1.846e-05,0.0
STARLINK-34405,2025-142J,2026-02-09T09:23:44.634048,1,-3.9655685086193104,14.98210542,0.00030499,70.009,25.7457,192.4533,167.6551,0.0023970233,0.00028536,0.0
STARLINK-2150,2021-017T,2026-02-09T06:33:00.135936,1,-3.9213610829314214,15.29994413,0.0001767,53.159,351.2233,112.4713,247.6475,0.0070756,0.00213965,0.0
STARLINK-2401,2021-018AH,2026-02-09T11:39:53.262432,1,-3.877503621785695,15.06772428,0.00035985,53.0567,23.6914,50.5003,309.6304,0.0032354905,0.00048739,0.0
STARLINK-35856,2025-293L,2026-02-09T13:50:09.523968,1,-3.8752151593570376,14.98652278,0.0003362,70.0052,165.4748,202.6833,157.4178,-0.019305,-0.0022508,0.0
STARLINK-2439,2021-027N,2026-02-09T20:00:01.999008,1,-3.865980161209947,15.14243731,0.0001043,53.0847,281.5642,78.9118,332.2558,0.0023713,0.00043819,0.0
STARLINK-4407,2022-084H,2026-02-09T19:06:06.981696,1,-3.8561226898112766,15.79053789,8.99e-05,97.6204,124.2993,345.2248,14.8992,1.584e-06,1.31e-06,0.0
STARLINK-34036,2025-098V,2026-02-09T08:00:01.999872,1,-3.819464614273902,14.98324003,0.0002923,70.0026,346.0754,277.7226,19.1051,0.0017038131,0.00020292,0.0
STARLINK-35982,2025-280H,2026-02-09T16:00:00.999936,1,-3.7935962027536747,14.98347676,0.0003045,70.0007,45.2247,273.573,152.8193,-0.0037265,-0.00044298,0.0
STARLINK-3046,2021-082AR,2026-02-09T16:00:00.999936,1,-3.790802070975328,14.9829938,0.0002945,70.0027,345.1202,267.5149,117.6708,0.0053591,0.00064391,0.0
STARLINK-6214,2023-064AJ,2026-02-09T17:16:09.101856,1,-3.7685016007803833,15.19805422,0.0006393,69.9937,165.7158,236.1766,123.8796,0.00040413,8.576e-05,0.0
STARLINK-5890,2023-094AZ,2026-02-09T22:19:11.759808,1,-3.7575609807819985,16.08585772,0.0002979,42.9958,137.0349,212.7442,147.3255,0.00099283,0.00886225,0.00043465
STARLINK-33993,2025-098Z,2026-02-09T05:34:40.954944,1,-3.709051218611448,14.9827231,0.0002278,70.0029,346.0401,252.5859,107.5051,0.0066926,0.00080564,0.0
STARLINK-35886,2025-280T,2026-02-09T09:59:58.737120,1,-3.7048661958204447,14.98265541,0.00043271,70.0028,45.6276,287.2944,72.7742,0.00020935277,2.402e-05,0.0
STARLINK-34169,2025-101F,2026-02-09T14:46:14.226816,1,-3.680567093614049,15.27602922,1.43e-05,42.9943,156.3375,100.5142,259.5726,0.0010648,0.00029175,0.0
STARLINK-3582,2022-022X,2026-02-09T13:02:58.526016,1,-3.665187302871998,15.1529047,0.0002066,53.2139,132.9507,134.0521,226.0644,0.0013332,0.00025177,0.0
STARLINK-1112,2020-001M,2026-02-09T22:00:03.000096,1,-3.6514984590503827,15.88107537,0.0002907,53.04,24.1217,64.7438,313.2845,0.0012664,0.00367719,0.0
STARLINK-33858,2025-094X,2026-02-09T18:47:06.686592,1,-3.6417748097469946,14.98003363,0.0001074,70.0022,304.7949,269.2014,90.9022,-0.0094304,-0.00109922,0.0
STARLINK-32448,2024-229Q,2026-02-09T08:48:56.289024,1,-3.6387287170336746,15.27602533,4.588e-05,42.9923,70.3322,77.7586,282.3317,0.0013076813,0.00035923,0.0
STARLINK-2637,2021-038D,2026-02-09T20:00:01.999008,1,-3.6364152429311942,15.12837259,0.0001471,53.0788,126.5744,97.9087,183.2336,0.00088794,0.0001552,0.0
STARLINK-4190,2022-076R,2026-02-09T17:13:27.107904,1,-3.6225582803050203,15.08835496,4.66e-05,53.2142,219.6848,30.6786,329.4233,-7.2938e-05,-1.448e-05,0.0
STARLINK-3690,2022-025J,2026-02-09T14:44:41.328672,1,-3.609556758855554,15.06613184,7.68e-05,53.0542,153.0523,102.5538,257.5537,0.0047001,0.0007084,0.0
STARLINK-30185,2023-107C,2026-02-09T21:55:07.023936,1,-3.6064879439072968,16.06231116,0.0002052,42.9954,85.8632,269.5937,90.4709,0.0013459,0.01031941,0.00058582
STARLINK-2358,2021-021AQ,2026-02-09T20:00:01.999008,1,-3.5959477399387887,15.10808714,2.11e-05,53.0693,36.6422,146.3573,210.1207,0.0073938,0.00126164,0.0
STARLINK-34006,2025-094F,2026-02-09T18:34:52.855104,1,-3.59173449018797,14.98652877,0.0004601,70.0016,304.7631,277.1741,82.8895,0.0080883,0.00098615,0.0
STARLINK-30766,2023-162H,2026-02-09T16:00:00.999936,1,-3.5826121105332063,15.02503897,0.0001327,43.002,285.2927,269.9627,154.6896,0.0020426,0.00027473,0.0
STARLINK-36094,2025-281D,2026-02-09T14:52:34.595904,1,-3.5706265215389648,15.27618984,6.56e-05,42.9966,141.9062,63.5951,296.4968,0.0014497,0.00039893,0.0
STARLINK-4646,2022-107AP,2026-02-10T00:34:57.709056,1,-3.5669648357166728,16.21844415,0.0007736,53.1744,312.9847,199.1362,160.9389,0.0020027,0.04628663,1.1819e-05
STARLINK-5361,2023-090AT,2026-02-09T01:06:12.329856,1,-3.5469803510366136,15.02509925,0.00027279,42.9958,57.3398,153.3866,206.7117,-0.00021222702,-3.068e-05,0.0
STARLINK-34646,2025-150G,2026-02-09T18:39:19.359360,1,-3.537529327828968,14.98440007,0.0003478,70.0054,204.9117,214.4103,145.6831,-0.003678,-0.00043831,0.0
STARLINK-1716,2020-073C,2026-02-09T20:00:01.999008,1,-3.5213664203901103,15.56727696,2.22e-05,53.0502,336.8978,144.5385,317.1588,0.0021449,0.00158713,0.0
STARLINK-34649,2025-150J,2026-02-09T18:39:21.872736,1,-3.5133696514400583,14.98200976,0.0002753,70.003,204.9208,359.2211,0.8943,0.00030708,3.561e-05,0.0
STARLINK-31872,2024-106A,2026-02-09T17:38:56.507136,1,-3.4744062468333254,15.27577692,0.0001997,42.9956,130.7249,98.6725,261.4353,0.00042245,0.0001138,0.0
STARLINK-33877,2025-098H,2026-02-09T05:40:42.735072,1,-3.466917005344169,14.98276198,0.0001736,70.0034,346.0568,298.6748,61.4236,0.0045619,0.00054687,0.0
STARLINK-5876,2023-058E,2026-02-09T12:54:59.491584,1,-3.4396111931244078,15.05621172,7.95e-05,97.6055,43.5163,111.2764,248.8548,-0.0068291,-0.00097189,0.0
STARLINK-34003,2025-094U,2026-02-09T19:52:41.779776,1,-3.404571621430045,15.4275652,0.0003633,69.9999,280.4928,276.47,83.6068,0.0010143,0.00044595,0.0
STARLINK-6056,2023-078AY,2026-02-09T20:00:01.999008,1,-3.3027838042312765,14.98290593,0.0003149,70.0018,54.517,268.0943,31.9192,0.0042056,0.00050398,0.0
STARLINK-1605,2020-057G,2026-02-09T22:42:05.850720,1,-3.2933381121033576,16.21228088,0.0004796,53.0273,336.704,157.2868,202.8383,0.0010986,0.02405571,1.184e-05
STARLINK-1231,2020-012AL,2026-02-09T14:24:10.990944,1,-3.2818376343130877,15.18756112,0.0002201,53.0466,144.5435,334.0342,26.0541,0.00039285,7.955e-05,0.0
STARLINK-5330,2023-010P,2026-02-09T16:00:00.999936,1,-3.263498898694601,14.98330475,0.0003273,70.0009,114.9434,270.293,49.6415,0.0026643,0.00031843,0.0
STARLINK-30324,2023-122J,2026-02-07T23:50:54.570624,1,-3.2428240349886197,15.0254722,0.00021689,42.9924,256.1008,55.3785,304.7262,0.00010705773,1.243e-05,0.0
STARLINK-2234,2021-041AD,2026-02-09T20:00:01.999008,1,-3.229414065170064,15.30149933,8.92e-05,53.1573,230.3936,126.8352,311.1321,0.0011106,0.00032626,0.0
STARLINK-32932,2025-037G,2026-02-09T16:00:00.999936,1,-3.227711392226103,14.98358031,0.0003387,70.0006,65.1476,273.8877,83.7702,-0.0040712,-0.00048372,0.0
STARLINK-34012,2025-098A,2026-02-09T05:04:23.873952,1,-3.1566970192826984,14.98376454,0.0003004,70.0036,346.3847,255.4035,104.6792,-0.0037923,-0.00045106,0.0
STARLINK-2497,2021-040AD,2026-02-09T20:00:01.999008,1,-3.1272002738694105,15.10583885,6.33e-05,53.0687,306.6463,114.7146,254.3154,0.0031901,0.00053378,0.0
STARLINK-4572,2022-105AW,2026-02-09T15:06:59.337216,1,-3.124679511004892,15.19290172,0.0004121,97.6231,287.307,31.2908,328.857,0.00057352,0.00012044,0.0
STARLINK-2628,2021-038G,2026-02-09T20:00:01.999008,1,-3.1115829822802894,15.10536285,8.6e-05,53.067,126.6524,128.2929,170.005,0.0030314,0.00050622,0.0
STARLINK-32558,2024-225G,2026-02-09T18:48:50.393376,1,-3.0939598720122654,14.98455476,0.0007611,70.002,234.8683,200.1806,159.9053,0.0017588,0.00021033,0.0
STARLINK-4446,2022-099AS,2026-02-09T20:00:01.999008,1,-3.086202218940413,15.17707518,0.0001688,97.6041,163.249,71.68,78.4969,0.0037678,0.00076644,0.0
STARLINK-34379,2025-123M,2026-02-09T16:02:48.941664,1,-3.078743110485171,15.4275558,0.0004793,69.9991,240.5523,285.03,75.0351,0.000463,0.00020214,0.0
STARLINK-36441,2026-008AA,2026-02-09T20:00:01.999008,1,-3.072095271485982,15.50718698,0.0001819,42.9999,3.4193,270.6299,21.4042,-0.0086241,-0.00478937,0.0
STARLINK-4465,2022-099AH,2026-02-09T08:23:41.195040,1,-3.052593157475484,15.79061044,0.00011626,97.6408,183.9845,357.1145,3.0114,-1.51244e-06,-4.18e-06,0.0
STARLINK-2622,2021-038H,2026-02-08T12:23:37.270176,1,-3.015513496301324,15.0646281,0.00032105,53.0529,132.5847,53.0861,307.0422,0.00096914415,0.00014208,0.0
STARLINK-33976,2025-093Y,2026-02-08T16:00:29.369376,1,-3.0154006683116825,15.27595838,0.000123,42.9946,241.7596,120.881,239.2162,0.00035295,9.468e-05,0.0
STARLINK-31013,2023-191U,2026-02-08T22:54:46.245888,1,-3.011517444633842,15.03531873,5.497e-05,43.0006,261.7078,151.3194,208.7679,0.0018567516,0.00025643,0.0
STARLINK-31076,2024-005J,2026-02-09T06:34:01.968960,1,-2.9961716121665996,15.02446899,4.21e-05,43.0012,16.3152,191.7663,168.317,0.0012867,0.0001718,0.0
STARLINK-1559,2020-055BC,2026-02-09T18:22:48.125856,1,-2.9945186783670166,15.26850987,0.000168,53.0298,203.6586,242.6728,117.4099,0.0018723,0.00050044,0.0
STARLINK-36172,2025-293T,2026-02-09T20:00:01.999008,1,-2.993321949762404,14.9832814,0.0003352,70.0005,164.6902,270.3776,146.4652,0.0014814,0.00017627,0.0
STARLINK-31128,2023-211C,2026-02-08T21:46:16.710240,1,-2.9752931804258624,15.2758815,0.00016482,42.9927,247.7436,124.7628,235.3379,0.00021711241,5.719e-05,0.0
STARLINK-35496,2025-237A,2026-02-08T15:42:03.785472,1,-2.965812111068302,15.39605156,0.00011918,53.1584,174.5975,67.8104,292.3027,0.00053381821,0.00021001,0.0
STARLINK-4560,2022-105AV,2026-02-09T15:10:32.994048,1,-2.959033140116917,15.05662476,0.00018,97.6024,283.5559,28.7183,331.4143,-1.6891e-05,-3.05e-06,0.0
STARLINK-31104,2023-211F,2026-02-08T23:43:29.259840,1,-2.940402213211366,15.25907685,4.004e-05,42.9951,246.6321,119.0155,241.0736,2.2934572e-05,3.43e-06,0.0
STARLINK-1221,2020-012BB,2026-02-09T09:09:42.609888,1,-2.923829143293144,15.40847689,0.00019386,53.0671,43.6419,323.1844,36.9027,0.00043869205,0.00017912,0.0
STARLINK-2169,2021-017AG,2026-02-09T20:00:01.999008,1,-2.9106776405719237,15.10350826,0.0001912,53.0694,331.6179,98.7257,188.7544,0.002807,0.00046585,0.0
STARLINK-4346,2022-077AG,2026-02-09T09:45:39.296448,1,-2.908719432131518,15.20066769,0.00047973,97.6364,228.1674,332.2138,27.8839,0.00046695448,0.00010014,0.0
STARLINK-35090,2025-212Y,2026-02-08T11:56:47.310720,1,-2.9003039647968794,15.27616148,0.00240546,53.1584,121.3002,141.1571,219.1163,-0.086310282,-0.02147085,0.0
STARLINK-2639,2021-040J,2026-02-09T20:00:01.999008,1,-2.885894376956481,15.09445554,0.0001112,53.0614,306.6626,73.043,327.582,0.0035166,0.0005708,0.0
STARLINK-36209,2025-293V,2026-02-09T17:44:33.379872,1,-2.8765383335436923,14.9846913,0.0004837,70.0058,164.833,249.1617,110.9025,-0.0015172,-0.00018217,0.0
STARLINK-2355,2021-021AM,2026-02-09T20:00:01.999008,1,-2.8763628645455412,15.09974998,0.0001006,53.0651,36.6574,130.1277,179.8545,0.0074092,0.00123505,0.0
STARLINK-35309,2025-253E,2026-02-09T07:58:38.350848,1,-2.8691306683563167,15.27672628,0.00035906,42.9981,12.9858,76.9697,283.1555,0.0012976508,0.00035725,0.0
STARLINK-1265,2020-019AY,2026-02-09T19:28:30.307296,1,-2.862060921917254,15.29890676,0.0001549,53.1581,258.8372,107.2668,252.8503,0.0043981,0.00130955,0.0
STARLINK-3203,2021-115AP,2026-02-09T19:17:17.180448,1,-2.852752219492694,15.08864839,6.3e-05,53.2168,264.3089,114.4583,245.6474,0.00022713,3.331e-05,0.0
STARLINK-35511,2025-253AB,2026-02-09T09:49:13.393920,1,-2.84806739475899,15.27600811,0.00024743,42.9931,11.8484,52.0124,308.0951,0.00097448113,0.00026669,0.0
STARLINK-5869,2023-088P,2026-02-09T01:04:32.768544,1,-2.8445946530965496,15.02534826,0.00023047,42.9943,262.8814,40.8109,319.2905,6.814934e-05,7.17e-06,0.0
STARLINK-1723,2020-062J,2026-02-09T20:00:01.999008,1,-2.8425120617146367,15.84403752,0.0001836,53.0418,105.3289,169.941,42.7094,0.0012491,0.00300489,0.0
STARLINK-1954,2021-009H,2026-02-09T14:33:20.490624,1,-2.827598521095491,15.27872719,0.0002812,53.0576,140.7272,346.6356,13.4568,0.0014265,0.00039197,0.0
STARLINK-6121,2023-046AP,2026-02-08T23:53:06.859392,1,-2.8270508012092805,15.02537943,4.817e-05,42.9968,250.1655,40.0516,320.0361,5.3273276e-05,5.16e-06,0.0
STARLINK-34697,2025-150B,2026-02-09T19:33:20.536128,1,-2.8225124973120486,14.98376613,0.0001741,70.002,204.6426,237.2065,122.8926,0.0049551,0.00059606,0.0
STARLINK-34389,2025-126H,2026-02-09T16:00:00.999936,1,-2.8037860269642314,14.98356374,0.0003277,70.0007,105.0932,275.2859,124.0623,0.001715,0.00020444,0.0
STARLINK-5297,2022-141B,2026-02-09T14:13:17.762880,1,-2.7976419450991967,15.08863628,0.0002249,53.2173,140.3874,99.9756,260.149,-0.00038302,-6.383e-05,0.0
STARLINK-2620,2021-040AB,2026-02-09T20:00:01.999008,1,-2.794757885912307,15.09554457,9.01e-05,53.0625,306.6607,155.4001,165.7342,0.0038253,0.00062348,0.0
STARLINK-30566,2023-158D,2026-02-09T09:32:45.470400,1,-2.79299912616323,15.02425911,0.00025693,43.0,184.2242,296.6384,63.4195,-0.0083074673,-0.00110364,0.0
STARLINK-2654,2021-040AC,2026-02-09T20:00:01.999008,1,-2.7639661682416365,15.09332076,9.27e-05,53.0625,306.6631,151.4688,188.7088,0.0036566,0.00059196,0.0
STARLINK-1451,2020-035M,2026-02-09T16:04:53.306688,1,-2.7515642780889222,15.085524,0.0002016,53.0518,192.4156,170.1238,189.9792,0.0019785,0.00031095,0.0
STARLINK-35913,2025-293B,2026-02-09T20:00:01.999008,1,-2.749078508840986,14.98329155,0.0003605,70.0005,164.6912,273.9279,143.8036,0.0015477,0.00018423,0.0
STARLINK-3050,2021-082BC,2026-02-09T20:00:01.999008,1,-2.746246442581654,15.50326281,0.0003309,70.0015,340.1507,274.5618,79.497,0.0095305,0.00584211,0.0
STARLINK-31530,2024-057C,2026-02-09T20:00:01.999008,1,-2.7439018006616287,15.32079988,0.0005516,43.0012,344.3302,190.871,22.7948,0.00387,0.00124224,0.0
STARLINK-1812,2020-088E,2026-02-09T10:55:24.490848,1,-2.7274857369146153,15.13135417,0.0001955,53.0792,67.832,45.7418,314.3735,0.0021027035,0.00037593,0.0
STARLINK-3369,2022-005AQ,2026-02-09T10:10:01.524000,1,-2.72632012777611,15.1724661,0.00036982,53.2131,50.555,97.8273,262.3143,0.00061441515,0.00012082,0.0
STARLINK-1017,2019-074L,2026-02-09T02:59:14.691840,1,-2.7168252539414413,15.21735301,0.00031763,53.0473,302.9827,103.691,256.444,0.00046579887,0.00010375,0.0
STARLINK-33901,2025-094Q,2026-02-09T00:00:04.000320,1,-2.712762114136834,14.98342923,0.00031767,70.0015,306.9382,270.812,31.1186,-0.00036879759,-4.492e-05,0.0
STARLINK-5970,2023-064C,2026-02-09T20:00:01.999008,1,-2.712323401007077,14.98315822,0.0002761,70.0012,214.7351,278.9322,33.4202,0.0029378,0.00035123,0.0
STARLINK-34376,2025-123K,2026-02-09T18:34:26.729472,1,-2.706599757670993,14.98254551,0.0003177,70.0018,264.979,223.3785,136.7124,0.0034911,0.0004173,0.0
STARLINK-3266,2021-125AR,2026-02-09T06:58:03.439776,1,-2.7017805635843652,15.08872604,0.0002183,53.2201,6.6097,65.7267,294.3953,0.00028421,4.242e-05,0.0
STARLINK-1497,2020-038BD,2026-02-09T23:24:19.305216,1,-2.698463695220031,16.1972716,0.0007651,53.0173,216.3673,282.5393,77.4788,0.0010653,0.02081351,1.181e-05
STARLINK-4571,2022-105AS,2026-02-09T15:48:04.426848,1,-2.694253596124681,15.01267054,0.0001808,97.6019,282.7653,30.6829,329.4501,-4.5185e-05,-6.39e-06,0.0
STARLINK-33904,2025-094Z,2026-02-09T19:52:57.817344,1,-2.6922513180957166,14.98448717,0.0003115,70.0021,304.5533,268.6696,91.4106,-0.0049261,-0.00058563,0.0
STARLINK-33968,2025-094V,2026-02-09T19:35:12.609024,1,-2.6868774315592163,14.98284704,0.0001542,70.0026,304.9146,242.6349,117.4653,0.0065424,0.00078758,0.0
STARLINK-3137,2021-104AT,2026-02-09T05:48:19.522368,1,-2.686465818559092,15.40109029,0.0001572,53.2201,339.5827,78.038,282.0802,0.00051363,0.00020532,0.0
STARLINK-5995,2023-064J,2026-02-09T17:02:20.590656,1,-2.6863805098837874,14.96687994,0.000497,69.9992,215.0529,106.0046,254.166,-0.018804,-0.00208912,0.0
STARLINK-34916,2025-192Z,2026-02-09T08:05:21.335136,1,-2.6835042626965544,15.39677036,0.000297,53.1599,5.4369,77.2403,282.8933,0.0013667,0.00054769,0.0
STARLINK-5606,2023-028AC,2026-02-09T20:00:01.999008,1,-2.680227834574466,14.98356147,0.0002951,70.0012,294.8769,269.7919,173.4423,-0.0030726,-0.00036589,0.0
STARLINK-36416,2026-020P,2026-02-09T20:00:01.999008,1,-2.6783283957383377,15.82291873,0.0001338,42.9991,311.4759,261.08,312.3577,-0.004035,-0.00787074,0.0
STARLINK-31088,2023-200R,2026-02-09T03:52:54.532992,1,-2.6758076663894648,15.02444216,0.00017442,42.9987,325.1977,54.8351,305.2655,0.0017664021,0.0002368,0.0
STARLINK-5459,2023-021AT,2026-02-09T20:00:01.999008,1,-2.6729762285142806,14.98323355,0.0003124,69.9996,234.6998,275.5904,14.0116,0.0013782,0.00016387,0.0
STARLINK-2621,2021-038T,2026-02-09T20:00:01.999008,1,-2.6699513367670193,15.13830382,0.0001571,53.0813,116.5835,55.04,356.1901,0.0024202,0.00044212,0.0
STARLINK-30413,2023-138G,2026-02-09T08:20:55.898880,1,-2.6624616138707293,15.02556364,2.724e-05,43.0037,29.9978,314.2421,45.8399,-0.00041429997,-5.798e-05,0.0
STARLINK-1800,2020-073AG,2026-02-09T20:00:01.999008,1,-2.6622485939010163,15.68914952,0.0002873,53.0458,348.0017,121.9401,280.0408,0.0022434,0.00271254,0.0
STARLINK-1302,2020-019R,2026-02-09T02:25:22.245888,1,-2.65898753570388,15.44682414,0.0001977,53.0531,288.4811,110.7348,249.387,0.0016245676,0.00077337,0.0
STARLINK-2568,2021-038BF,2026-02-09T20:00:01.999008,1,-2.6556099788011087,15.30201283,0.000148,53.1584,104.9434,98.511,343.5145,-0.00061244,-0.00018454,0.0
STARLINK-32542,2024-225Q,2026-02-09T20:00:01.999008,1,-2.6539281696172607,14.98330001,0.0003051,70.0001,234.7182,274.2151,14.4535,0.0014146,0.00016827,0.0
STARLINK-34718,2025-157H,2026-02-09T20:00:01.999008,1,-2.649264611363097,15.30201074,0.0001312,53.1597,115.2595,93.8912,354.0995,-0.00050844,-0.00015387,0.0
STARLINK-5823,2023-028AX,2026-02-09T20:00:01.999008,1,-2.636130698143318,14.98343773,0.0002978,70.0005,274.7685,270.5358,16.541,-0.0023571,-0.00028115,0.0
STARLINK-36520,2026-008X,2026-02-09T20:00:01.999008,1,-2.6336572467842005,15.50686296,0.0001731,42.9998,3.4652,265.244,10.8424,-0.0062387,-0.00351739,0.0
STARLINK-1805,2020-073AM,2026-02-09T20:00:01.999008,1,-2.6274788032867864,15.46097946,0.0003003,53.0544,17.0353,95.8049,301.6133,0.0037101,0.00188683,0.0
STARLINK-4078,2022-053AK,2026-02-09T19:23:40.998624,1,-2.624991084455435,15.49319175,0.0001577,53.2114,217.1961,171.4919,188.6117,0.0010025,0.00055725,0.0
STARLINK-5340,2023-065D,2026-02-08T06:20:12.458976,1,-2.621302990823185,15.02645455,0.0002018,43.0048,357.629,301.3246,58.7399,-0.0016521,-0.00022516,0.0
STARLINK-2647,2021-044W,2026-02-09T20:00:01.999008,1,-2.6120719136840145,15.30181176,0.0001384,53.1598,243.2305,89.6609,211.6163,7.5375e-05,1.872e-05,0.0
STARLINK-5260,2023-010G,2026-02-09T13:34:11.245152,1,-2.610588970017116,14.98334581,0.0002767,70.0038,95.4891,238.6851,121.4037,-6.5324e-05,-8.72e-06,0.0
STARLINK-6266,2023-065AR,2026-02-09T10:22:39.366912,1,-2.6048084083376155,15.02527596,5.251e-05,43.0038,16.9381,206.56,153.5216,7.3291529e-05,7.87e-06,0.0
STARLINK-31179,2024-005Y,2026-02-09T07:12:12.596256,1,-2.599973333292819,15.02519812,0.000213,43.0023,15.6665,225.035,135.032,-7.6019e-05,-1.23e-05,0.0
STARLINK-5611,2023-028W,2026-02-09T20:00:01.999008,1,-2.5994454401350024,14.98357459,0.0002987,70.0009,294.8784,268.6605,173.7381,-0.0032958,-0.00039227,0.0
STARLINK-34755,2025-158J,2026-02-09T14:54:53.869248,1,-2.577958720806578,15.0121373,0.0004537,97.6026,267.2465,38.5017,321.653,-0.00041191,-5.34e-05,0.0
STARLINK-2486,2021-027BD,2026-02-09T20:00:01.999008,1,-2.5768903175664715,15.29344581,8.75e-05,53.1551,230.3837,101.8368,329.4056,0.00022162,6.042e-05,0.0
STARLINK-36096,2025-286AA,2026-02-09T12:36:03.053376,1,-2.5668218237901774,15.40205841,0.0001498,53.1575,129.3397,299.6595,60.426,0.0018462,0.00075632,0.0
STARLINK-36178,2025-293Y,2026-02-09T20:00:01.999008,1,-2.560586255083054,14.98341034,0.0003467,70.0006,164.6388,275.1366,186.6697,0.0016632,0.00019814,0.0
STARLINK-4326,2022-077AQ,2026-02-09T11:10:42.557376,1,-2.558927775507571,15.01265886,0.00017591,97.6026,222.5598,142.9765,217.1581,9.8781129e-05,1.211e-05,0.0
STARLINK-6334,2023-094W,2026-02-09T16:40:47.879904,1,-2.5570526632012482,15.02537118,0.0001867,43.0029,169.8874,353.6926,6.3893,8.9684e-05,1.008e-05,0.0
STARLINK-3546,2022-016E,2026-02-09T10:06:42.710688,1,-2.5567370475202287,15.13603667,0.00019069,53.2136,94.4258,215.2895,144.7973,0.0016063825,0.00028992,0.0
STARLINK-35273,2025-218Q,2026-02-09T14:50:57.515136,1,-2.5561286977005846,15.05659412,0.0001838,97.6025,265.2497,27.8297,332.3028,0.00040001,5.717e-05,0.0
STARLINK-32407,2024-225K,2026-02-09T20:00:56.576160,1,-2.555230079728614,14.98244668,0.0003048,70.0009,234.6357,326.2271,33.8693,-0.0042024,-0.00049771,0.0
STARLINK-32374,2024-224G,2026-02-09T17:38:50.611200,1,-2.5528442475613624,15.27620774,6.97e-05,42.9958,316.0731,135.6365,224.4543,0.00080026,0.00021852,0.0
STARLINK-34431,2025-126K,2026-02-09T16:00:00.999936,1,-2.550329158897576,14.98308652,0.0003345,70.0004,105.0247,269.376,197.4553,0.0019139,0.00022805,0.0
STARLINK-6284,2023-061AF,2026-02-09T20:00:01.999008,1,-2.5480544281956314,15.80605698,0.0002184,42.999,312.0891,236.9923,9.1236,0.0042006,0.00922891,0.0
STARLINK-1601,2020-057D,2026-02-09T22:00:03.000096,1,-2.5438628369662375,15.87015364,0.000348,53.0418,37.9079,25.9537,219.8093,0.0017146,0.00478012,0.0
STARLINK-1266,2020-019Z,2026-02-09T19:30:38.187936,1,-2.5305711352283855,15.41855828,0.000199,53.0523,265.3865,121.1215,238.9985,0.0004034,0.00017006,0.0
STARLINK-34117,2025-102U,2026-02-09T19:32:58.347744,1,-2.5297600105103006,14.98457673,0.0003868,70.0015,184.8568,288.9621,71.1119,-0.0043809,-0.00052154,0.0
STARLINK-1888,2020-088BB,2026-02-09T20:00:01.999008,1,-2.5257950941052245,15.43897429,0.0002554,53.0547,52.3981,65.6222,215.6513,0.0032115,0.001507,0.0
STARLINK-31932,2024-106H,2026-02-08T16:34:57.292032,1,-2.5184769980713386,15.27479288,0.00010787,42.9998,133.0886,347.1888,12.8936,-0.0069816995,-0.00187031,0.0
STARLINK-1814,2020-073AU,2026-02-09T20:00:01.999008,1,-2.5183673323115197,15.77751809,0.0002167,53.0455,325.7598,153.5305,275.1248,0.0015745,0.00278026,0.0
STARLINK-2153,2021-024AJ,2026-02-09T16:00:00.999936,1,-2.5145759032504267,15.30183297,0.0001285,53.1598,79.5672,90.4456,351.1001,0.00036833,0.0001056,0.0
STARLINK-32784,2025-008W,2026-02-09T10:51:26.605728,1,-2.5118724620010915,15.30382088,0.00021711,42.9983,76.7098,42.751,317.3511,0.0012963184,0.00038819,0.0
STARLINK-30871,2023-170Y,2026-02-09T05:32:38.914080,1,-2.505724695351913,15.02505678,9.47e-05,42.9971,350.9706,18.6888,341.3989,0.00021652,2.72e-05,0.0
STARLINK-34444,2025-126AB,2026-02-09T16:25:59.827008,1,-2.502460646567494,14.96678698,0.0017264,70.0056,105.2099,203.1831,156.855,-0.094601,-0.01008576,0.0
STARLINK-30358,2023-144R,2026-02-09T10:54:05.201568,1,-2.50147430736821,15.02513332,0.00025541,43.0066,80.863,242.0897,117.9687,0.00048682824,6.375e-05,0.0
STARLINK-35695,2025-268B,2026-02-09T15:03:06.267168,1,-2.494752680908376,15.27602997,0.0002117,43.0031,145.922,350.3303,9.7507,0.00093045,0.00025449,0.0
STARLINK-35124,2025-198V,2026-02-08T07:22:35.590368,1,-2.4851457753942467,15.39617037,0.0001474,53.1589,47.3211,105.4598,254.657,0.00028489,0.00011011,0.0
STARLINK-35408,2025-223F,2026-02-09T11:48:08.996256,1,-2.4818390824271774,15.30208369,4.733e-05,53.1587,65.4954,98.695,261.4104,0.0012356931,0.00036428,0.0
STARLINK-1286,2020-019BK,2026-02-09T19:28:27.765408,1,-2.4735193513122793,15.48767127,0.0002241,53.0498,264.4501,75.8326,284.293,0.00056462,0.00030488,0.0
STARLINK-1365,2020-025BM,2026-02-09T18:20:00.065760,1,-2.4712457661244223,15.42516584,9.89e-05,53.0538,226.2573,156.0792,204.0258,0.00044092,0.00019054,0.0
STARLINK-5908,2023-037AP,2026-02-09T07:25:45.094080,1,-2.4688878935458116,14.98341574,0.0003492,70.0016,355.8291,256.3755,103.7015,3.1151e-05,2.79e-06,0.0
STARLINK-2422,2021-018AX,2026-02-09T14:00:45.040896,1,-2.4663567477285326,15.30104711,0.0001893,53.1588,16.0417,72.9477,287.173,0.004535,0.00136034,0.0
STARLINK-5093,2023-058R,2026-02-09T14:28:59.630016,1,-2.4644260160409472,15.0126772,0.000425,97.6039,42.6693,34.8169,325.3333,-0.00010008,-1.344e-05,0.0
STARLINK-2707,2021-044AH,2026-02-09T20:12:33.729120,1,-2.462917639777941,15.29935137,0.0001346,53.1581,233.4479,64.1214,295.9926,0.0049955,0.00149368,0.0
STARLINK-31007,2024-020P,2026-02-09T15:00:07.060608,1,-2.4625035772911446,15.30221692,4.64e-05,53.1606,92.8209,60.1441,299.9606,0.00012691,3.404e-05,0.0
STARLINK-31010,2023-191M,2026-02-08T22:56:24.265824,1,-2.460892979356754,15.02526711,0.00015214,43.0011,261.6672,24.511,335.5804,-4.0917254e-05,-7.56e-06,0.0
STARLINK-4311,2022-077V,2026-02-09T11:45:00.932832,1,-2.454554613049905,15.01257842,8.837e-05,97.6026,222.6144,20.4838,339.6422,1.1460941e-05,8.9e-07,0.0
STARLINK-3982,2022-052S,2026-02-09T07:22:26.425056,1,-2.453446069990215,15.45422755,7.49e-05,53.2131,5.2089,164.2206,195.8826,0.0012956,0.00063047,0.0
STARLINK-31914,2024-100T,2026-02-09T01:07:48.341856,1,-2.4482833934611663,15.27588648,0.00015515,42.9952,287.3874,82.665,277.4378,6.5268284e-05,1.535e-05,0.0
STARLINK-34374,2025-123T,2026-02-09T19:58:33.800160,1,-2.4432807527235,14.9833897,0.0002643,70.0032,264.7782,210.1184,149.9824,0.00029519,3.432e-05,0.0
STARLINK-31687,2024-093S,2026-02-09T20:00:01.999008,1,-2.4395527681616924,15.27544442,0.0001189,43.0012,6.5881,256.1835,0.8463,0.001673,0.00046012,0.0
STARLINK-31862,2024-093E,2026-02-09T08:10:11.143200,1,-2.43730216978554,15.27576538,2.733e-05,42.9993,8.6676,43.9584,316.129,-7.826738e-06,-4.77e-06,0.0
STARLINK-35114,2025-198L,2026-02-09T10:25:08.123520,1,-2.4362101291239036,15.39658485,0.00011013,53.1591,42.2722,31.0669,329.0401,0.0014486844,0.00058063,0.0
STARLINK-36459,2026-005Z,2026-02-09T07:29:51.117216,1,-2.4349658674661514,15.42058683,0.0004637,43.0004,40.2226,211.9517,148.1059,-0.0073002,-0.00307128,0.0
STARLINK-1156,2020-006L,2026-02-09T22:00:03.000096,1,-2.4347439384743184,15.29336865,0.0001526,53.1541,49.9315,90.7412,212.4882,0.0025423,0.00073692,0.0
STARLINK-33778,2025-094P,2026-02-09T19:05:10.012992,1,-2.4300940206528265,14.98307627,0.0003179,70.0031,304.8383,255.3889,104.6918,0.0041697,0.00049987,0.0
STARLINK-1273,2020-019H,2026-02-08T21:32:55.312224,1,-2.4298250933414876,15.40754896,0.00020075,53.0544,291.4298,118.6878,241.4328,0.0016237425,0.00067629,0.0
STARLINK-6309,2023-065AJ,2026-02-09T07:25:32.275776,1,-2.4208282632646334,15.02536429,0.0002555,43.0078,17.7362,252.009,108.0474,0.00041853,5.454e-05,0.0
STARLINK-4035,2022-053AL,2026-02-09T18:42:13.262688,1,-2.4151952611252945,15.08866334,0.0002227,53.2168,269.4125,69.14,290.983,-0.00053504,-8.8e-05,0.0
STARLINK-5376,2023-046BC,2026-02-09T02:31:05.023200,1,-2.4096893181596695,15.02543056,0.0001065,43.0012,301.1507,211.0275,149.0504,0.00010525113,1.219e-05,0.0
STARLINK-4042,2022-053F,2026-02-09T03:59:46.622112,1,-2.4021892731255643,16.10458049,0.00012997,53.2113,264.6755,145.2143,214.8978,0.0011836699,0.01164915,0.00085623939
STARLINK-30126,2023-067G,2026-02-09T09:55:26.298912,1,-2.3995834692058247,15.02670812,0.00017069,43.0039,68.3565,246.4789,113.5874,-0.0022887192,-0.00031095,0.0
STARLINK-34576,2025-142F,2026-02-09T09:07:07.140000,1,-2.398786900188636,14.95919727,0.00038067,70.0024,25.6714,276.1614,83.911,0.00053862155,5.955e-05,0.0
STARLINK-31380,2024-031Q,2026-02-09T11:44:22.131456,1,-2.398442287132481,15.30192112,8.404e-05,53.1599,67.8191,300.1933,59.8984,7.399277e-05,1.833e-05,0.0
STARLINK-11435 [DTC],2025-024N,2026-02-09T06:36:39.753504,1,-2.398297305083843,15.71034503,0.00035454,43.0023,353.0925,40.8703,319.243,0.001837068,0.00244354,0.0
STARLINK-32797,2025-019Q,2026-02-08T23:56:43.664640,1,-2.39704202771825,15.27618414,0.00017909,42.9969,250.9452,85.5771,274.5285,0.00077957702,0.00021277,0.0
STARLINK-1598,2020-057AV,2026-02-09T10:48:43.435008,1,-2.395524098548581,15.4559114,0.00025031,53.0552,58.7507,84.8552,275.2739,0.0024011624,0.00118768,0.0
STARLINK-1277,2020-019K,2026-02-09T20:05:19.226976,1,-2.3872275804517096,15.44116089,0.0001803,53.0537,285.5102,55.9574,304.1602,0.00045377,0.00020729,0.0
STARLINK-1308,2020-019BM,2026-02-09T01:30:43.843680,1,-2.3855510010663794,15.42660484,0.00023916,53.0552,288.8413,108.7963,251.3301,0.00046350157,0.00020153,0.0
STARLINK-30776,2023-162U,2026-02-09T02:15:36.176544,1,-2.3756393043974464,15.02745373,0.00024198,43.0028,288.8477,288.7208,71.3372,-0.0031655734,-0.00042945,0.0
STARLINK-3262,2021-125BD,2026-02-09T20:00:01.999008,1,-2.3746073903072213,15.955029,0.0001607,53.2167,351.989,127.6201,198.5878,0.0030416,0.01229281,0.00073902
STARLINK-31389,2024-036R,2026-02-09T18:29:18.218400,1,-2.3745905584293125,15.30190032,0.0002327,53.1596,208.1634,88.4215,271.7052,4.0393e-05,8.36e-06,0.0
STARLINK-36523,2026-008R,2026-02-09T20:00:01.999008,1,-2.3723012568234627,15.50891143,0.0002173,43.0,3.396,252.1016,52.6071,-0.018284,-0.00991248,0.0
STARLINK-6247,2023-088AQ,2026-02-09T00:09:06.262272,1,-2.35780563205739,15.02550555,2.024e-05,42.9974,250.4406,209.5897,150.4934,0.00026269584,3.348e-05,0.0
STARLINK-6088,2023-046F,2026-02-09T03:17:04.734240,1,-2.357748436593814,15.02535011,8.063e-05,42.9999,314.3869,358.0244,2.0595,0.00016251855,1.992e-05,0.0
STARLINK-35896,2025-280D,2026-02-09T10:47:55.026816,1,-2.3547478764136884,14.98343334,0.00036941,70.0025,45.7504,284.6143,75.4606,0.00056507125,6.658e-05,0.0
STARLINK-35916,2025-263V,2026-02-09T17:58:55.880832,1,-2.350795354451314,15.27631989,0.000108,42.9986,152.1663,31.8708,328.2208,0.0014315,0.00039402,0.0
STARLINK-4029,2022-053AF,2026-02-09T18:36:58.067712,1,-2.348384271520799,15.08818,0.0001662,53.2175,269.439,44.9954,315.1173,-9.6473e-05,-1.822e-05,0.0
STARLINK-30233,2023-096N,2026-02-09T09:47:27.285216,1,-2.345641640762083,15.02572666,0.00035974,43.0076,16.7744,274.5781,85.465,-0.0009758677,-0.00013376,0.0
STARLINK-11270 [DTC],2024-158K,2026-02-09T11:37:08.666112,1,-2.3452497443675826,15.69785275,0.00017261,53.1571,60.3811,82.583,277.5384,0.0016248409,0.00201748,0.0
STARLINK-30837,2023-170G,2026-02-09T05:08:38.982048,1,-2.3450526876785585,15.02543636,0.0002106,42.9974,350.8452,30.2191,329.8773,6.8707e-05,7.25e-06,0.0
STARLINK-5140,2023-046BH,2026-02-09T01:09:26.246016,1,-2.335658111412428,15.02531701,0.0001632,42.9968,263.3683,28.2574,331.8356,0.00010050085,1.154e-05,0.0
STARLINK-33565,2024-237X,2026-02-09T16:00:00.999936,1,-2.334829220270973,15.27572588,0.0001741,43.0016,3.32,267.6374,206.212,0.00012968,3.307e-05,0.0
STARLINK-11746 [DTC],2025-127C,2026-02-08T15:05:22.949376,1,-2.334569282617014,15.7050995,0.0001276,42.9998,259.5565,212.881,147.1978,0.0056288,0.00783369,0.0
STARLINK-1762,2020-062T,2026-02-09T20:00:01.999008,1,-2.33374766205272,15.29347845,0.0001426,53.1538,140.3476,77.4255,215.868,9.234e-05,2.309e-05,0.0
STARLINK-11450 [DTC],2025-004H,2026-02-09T14:55:28.234848,1,-2.3331822331573377,15.70697288,7.35e-05,42.9986,239.9567,269.3375,90.7408,0.0053966,0.00754295,0.0
STARLINK-11275 [DTC],2024-187F,2026-02-09T11:35:20.069952,1,-2.3327876416062088,15.6967689,0.00031555,53.1591,75.0379,148.9329,211.1876,-2.2746275e-05,-3.343e-05,0.0
STARLINK-5617,2023-028N,2026-02-09T19:13:56.843040,1,-2.3078568271529516,14.98569251,0.0003751,70.0003,314.7384,268.0948,91.9782,0.0022896,0.00027505,0.0
STARLINK-33642,2025-099AC,2026-02-09T16:00:00.999936,1,-2.3055622630646653,15.27553166,0.0002023,43.0015,330.9471,273.2512,1.2893,0.0020719,0.00057148,0.0
STARLINK-35168,2025-198T,2026-02-09T20:00:01.999008,1,-2.3021108834644997,15.30161203,0.0001391,53.1586,40.4146,99.7256,300.016,0.0020239,0.00059996,0.0
STARLINK-4472,2022-105P,2026-02-09T15:08:26.022336,1,-2.298963603851592,15.01263169,3.29e-05,97.6031,282.7368,131.3665,228.7588,3.3727e-05,3.75e-06,0.0
STARLINK-34081,2025-102Y,2026-02-09T09:56:09.375360,1,-2.297485366589837,14.98342859,0.000276,70.0033,185.8739,242.7849,117.303,0.0011516285,0.00013679,0.0
STARLINK-30307,2023-131R,2026-02-09T03:51:41.488704,1,-2.29082388187382,15.02533902,0.00016458,43.0031,326.7253,207.2996,152.776,7.8325528e-05,8.54e-06,0.0
STARLINK-30840,2023-170T,2026-02-09T05:18:13.864320,1,-2.288729468960626,15.02528453,3.98e-05,43.0015,350.8849,250.9672,109.1127,4.2246e-05,3.67e-06,0.0
STARLINK-1321,2020-025AU,2026-02-09T22:00:03.000096,1,-2.2886704579813157,15.43726552,0.0001773,53.0503,190.9371,230.3178,254.0861,0.0030268,0.00141007,0.0
STARLINK-4412,2022-099N,2026-02-09T19:09:49.681152,1,-2.287311656850478,15.01256495,0.0004152,97.6023,162.8727,75.691,284.4775,-1.6506e-05,-2.7e-06,0.0
STARLINK-1246,2020-012BK,2026-02-09T19:15:13.294944,1,-2.2847871951253262,15.29909051,0.0001559,53.159,168.7841,94.7063,265.4115,0.0031852,0.00094327,0.0
STARLINK-5885,2023-058AM,2026-02-09T13:41:00.780288,1,-2.2806922163321293,15.01253822,0.0003272,97.6038,42.6991,165.2792,194.8528,0.00013074,1.621e-05,0.0
STARLINK-2421,2021-027G,2026-02-09T05:08:33.055872,1,-2.269176700246865,15.29979052,0.0001611,53.1583,287.2082,103.8768,256.2412,0.0036104,0.0010739,0.0
STARLINK-34358,2025-123Y,2026-02-09T00:26:41.507808,1,-2.265517290821539,14.98330203,0.00014791,70.0024,266.7547,292.3466,67.7536,-6.9514808e-05,-9.22e-06,0.0
STARLINK-5391,2022-177P,2026-02-10T01:10:51.999744,1,-2.2628446798040445,16.03847022,0.0002229,42.9934,257.8666,256.622,103.4411,0.0017585,0.01162225,0.00073677
STARLINK-3959,2022-051AH,2026-02-09T19:22:02.097408,1,-2.2532997876526037,15.08826047,0.0001662,53.2194,259.3074,50.7225,309.3915,-1.3706e-05,-5.06e-06,0.0
STARLINK-31156,2024-005R,2026-02-09T07:36:10.729440,1,-2.251844925375977,15.02536954,8.542e-05,43.003,15.8041,313.6778,46.3993,-8.025749e-06,-3.12e-06,0.0
STARLINK-36123,2025-293E,2026-02-09T12:56:02.390784,1,-2.250410584959009,14.98365456,0.000255,70.0016,165.3328,262.1605,97.9265,-0.0029894,-0.00035613,0.0
STARLINK-32914,2025-037K,2026-02-09T11:06:15.590880,1,-2.250178796790671,14.98351646,0.00019438,70.0029,65.634,259.674,100.42,0.00046911747,5.512e-05,0.0
STARLINK-32552,2024-225M,2026-02-09T19:42:56.673792,1,-2.240477955421851,14.98297375,0.0003595,70.0004,234.5978,302.1904,57.8906,-0.003931,-0.00046649,0.0
STARLINK-35547,2025-237F,2026-02-09T19:37:57.874944,1,-2.234861477428715,15.39631993,7.99e-05,53.1589,169.0597,20.0633,340.0403,0.001072,0.00042738,0.0
STARLINK-35406,2025-218E,2026-02-09T14:46:57.196128,1,-2.2291137277148083,15.05688546,0.0003879,97.6001,265.2519,110.2852,249.8792,0.0013249,0.0001913,0.0
STARLINK-1493,2020-038AF,2026-02-09T18:44:11.324832,1,-2.2289982618098914,15.43146947,0.0002145,53.0544,337.6076,116.5389,243.5836,0.0018816,0.00085173,0.0
STARLINK-1913,2020-088BK,2026-02-09T20:00:01.999008,1,-2.2228045480701035,15.2083535,0.0001597,53.1141,76.1685,64.3706,354.8252,0.003016,0.00067701,0.0
STARLINK-3681,2022-025N,2026-02-09T14:18:06.489216,1,-2.207164313904177,15.06575152,0.0001426,53.0555,153.0507,80.9684,279.1466,0.0026453,0.00039529,0.0
STARLINK-34481,2025-167AC,2026-02-09T14:38:22.558848,1,-2.206569676263952,15.30131713,8.046e-05,53.157,156.8735,6.3172,353.7839,0.00047595169,0.00013734,0.0
STARLINK-30922,2023-180N,2026-02-09T11:55:32.780352,1,-2.19521210577713,15.02516863,5.15e-05,43.0006,209.2509,281.7991,78.2793,-0.00013018414,-1.96e-05,0.0
STARLINK-30152,2023-079F,2026-02-09T00:39:01.797696,1,-2.194445282391388,15.02525253,3.591e-05,43.0033,263.0467,354.375,5.7088,-7.4921012e-05,-1.215e-05,0.0
STARLINK-3117,2021-104AD,2026-02-09T00:31:20.066592,1,-2.192067972966684,15.08820125,0.00011586,53.2184,337.8137,42.896,317.2123,-5.5258352e-05,-1.167e-05,0.0
STARLINK-36214,2025-299AD,2026-02-09T16:00:00.999936,1,-2.19205010169584,15.40642197,0.0001647,43.0021,329.804,260.0556,3.5389,0.0014264,0.00059633,0.0
STARLINK-4659,2022-177X,2026-02-09T01:46:51.834720,1,-2.180259239119216,15.0253111,0.00018674,43.0122,288.5756,302.4437,57.6224,0.00013271548,1.589e-05,0.0
STARLINK-4689,2022-104C,2026-02-09T03:38:45.074112,1,-2.1781479109851776,15.08842095,0.00019123,53.2196,12.4424,128.2432,231.8733,-0.00032188665,-5.408e-05,0.0
STARLINK-34668,2025-150AA,2026-02-09T19:33:31.297248,1,-2.177987721516419,14.98284449,0.000317,70.0016,204.6357,273.3556,86.7241,0.0038551,0.00046155,0.0
STARLINK-30502,2023-151K,2026-02-09T07:47:25.039968,1,-2.1768527915508136,15.02779842,0.000279,43.0048,133.1772,256.9108,103.1423,-0.0039458,-0.0005345,0.0
STARLINK-4636,2022-107AH,2026-02-09T06:17:58.098336,1,-2.1753629465567745,15.10748637,0.0004705,53.2158,21.6251,65.4551,294.6932,0.0017949,0.00029946,0.0
STARLINK-2232,2021-041AB,2026-02-09T20:00:01.999008,1,-2.1752620811228898,15.29225158,0.0001645,53.1524,256.0579,99.241,211.3171,0.0015775,0.0004526,0.0
STARLINK-6116,2023-083AM,2026-02-08T19:40:20.908416,1,-2.1749553782985025,15.0253631,4.801e-05,42.9989,225.9907,276.0492,84.0296,3.4311831e-05,2.6e-06,0.0
STARLINK-3653,2022-025AW,2026-02-09T14:20:33.308736,1,-2.174124189893666,15.08837651,6.41e-05,53.2157,145.1439,103.0961,257.0103,0.00037293,5.652e-05,0.0
STARLINK-3633,2022-017AB,2026-02-09T11:49:12.165888,1,-2.170402188618104,15.22228173,0.00011433,53.22,114.2664,55.7127,304.3979,0.00034264665,7.655e-05,0.0
STARLINK-6184,2023-088AK,2026-02-07T22:40:41.298816,1,-2.1684735655964094,15.02516102,0.00017852,43.0021,256.233,218.2079,141.8637,0.00014698788,1.781e-05,0.0
STARLINK-5328,2023-021AF,2026-02-09T19:18:48.338496,1,-2.16456257655979,14.98331602,0.0003905,69.9976,234.9223,330.7907,29.3034,2.6168e-05,2.19e-06,0.0
STARLINK-30330,2023-122E,2026-02-08T19:18:49.455648,1,-2.1586395520065293,15.02520576,0.00015237,43.0024,251.8588,288.8855,71.1823,-0.00013524436,-2.029e-05,0.0
STARLINK-4026,2022-052C,2026-02-09T05:49:11.720064,1,-2.1570764622492216,15.0883541,0.0001171,53.2178,46.8294,69.0891,291.0226,-0.00017655,-3.096e-05,0.0
STARLINK-2643,2021-038Q,2026-02-09T20:00:01.999008,1,-2.1568109771349113,15.3020968,0.0001239,53.1582,114.7647,85.7146,205.9025,-0.00071903,-0.000216,0.0
STARLINK-3301,2021-125P,2026-02-09T04:44:15.639936,1,-2.156456967277724,15.08875494,9.51e-05,53.2169,17.0351,81.9749,278.1351,0.00070153,0.00010905,0.0
STARLINK-2406,2021-018AL,2026-02-09T20:00:01.999008,1,-2.155620087334322,15.30153815,0.0001652,53.1597,12.1497,89.0473,204.0585,0.0024991,0.00074294,0.0
STARLINK-35008,2025-192E,2026-02-09T16:00:00.999936,1,-2.154278963926549,15.39579757,0.0001158,53.1601,4.1486,74.3936,183.2227,0.001053,0.00041895,0.0
STARLINK-36474,2026-003V,2026-02-09T20:00:01.999008,1,-2.152989261698845,15.31075811,4.74e-05,43.0007,24.7939,255.0346,294.4148,-0.15362,-0.04137409,0.0
STARLINK-30590,2023-160R,2026-02-06T20:56:10.266720,1,-2.151957792089461,15.02541769,4.18e-05,43.0,247.5815,210.1861,149.8958,9.9853e-05,1.146e-05,0.0
STARLINK-34675,2025-150V,2026-02-09T20:00:01.999008,1,-2.143130620292783,14.98314591,0.0002845,70.0019,204.6736,276.1473,116.6032,0.0030233,0.00036153,0.0
STARLINK-2763,2021-044AJ,2026-02-09T20:21:35.272224,1,-2.1421937637246633,15.3032528,0.0001545,53.1601,233.5196,64.156,295.96,-0.0025385,-0.00075082,0.0
STARLINK-35722,2025-244N,2026-02-09T07:03:17.464896,1,-2.132105742173663,15.30274465,0.0002578,53.1619,1.6884,97.0254,263.104,0.0020269,0.00060302,0.0
STARLINK-3282,2021-125X,2026-02-09T05:10:45.660000,1,-2.1265874944116963,15.08836867,0.0001267,53.2187,16.942,131.6837,228.4264,-2.1632e-06,-3.22e-06,0.0
STARLINK-33583,2025-071L,2026-02-09T08:00:01.999872,1,-2.1254176034671715,15.30176842,0.00017945,53.1571,274.3119,88.7286,164.2231,-0.00034279593,-0.00010491,0.0
STARLINK-11167 [DTC],2024-113C,2026-02-09T01:20:01.945248,1,-2.1206139580987693,15.69702611,0.00021894,53.1601,332.3829,26.1463,333.9665,1.476463e-06,-4.11e-06,0.0
STARLINK-35640,2025-265W,2026-02-09T14:01:35.611680,1,-2.119454105957939,15.27597995,0.0002417,42.9988,76.7807,33.1094,326.9908,0.00073624,0.00020064,0.0
STARLINK-34633,2025-150Q,2026-02-09T20:00:01.999008,1,-2.115773444640099,14.98314514,0.0003103,70.0019,204.668,279.2599,112.5933,0.0031701,0.00037922,0.0
STARLINK-36217,2025-299U,2026-02-09T16:00:00.999936,1,-2.1148530918498625,15.40604861,0.0001502,43.0023,329.776,256.3205,19.7622,0.0019556,0.00082009,0.0
STARLINK-34069,2025-157S,2026-02-09T20:00:01.999008,1,-2.1145911175054173,15.30202808,0.0001721,53.1594,115.2919,80.481,350.0572,-0.00053361,-0.00016131,0.0
STARLINK-4464,2022-105X,2026-02-09T15:00:04.819392,1,-2.110952527103242,15.01266265,2.47e-05,97.6042,282.7218,101.9639,258.1613,2.9071e-05,3.15e-06,0.0
STARLINK-5900,2023-037AL,2026-02-09T20:00:01.999008,1,-2.1053457599234724,14.9833699,0.0002847,70.0026,334.8065,266.6925,241.6201,0.00039772,4.657e-05,0.0
STARLINK-5059,2022-119AC,2026-02-09T10:17:24.588384,1,-2.1034222970519623,15.08849831,0.00021504,53.2185,80.6304,45.9257,314.1912,0.00027889204,4.154e-05,0.0
STARLINK-3158,2021-104AA,2026-02-09T03:35:26.767968,1,-2.0975488980077137,15.08835531,0.00022268,53.2199,347.2445,130.207,229.9118,-0.00010250033,-1.919e-05,0.0
STARLINK-2748,2021-044BJ,2026-02-09T18:49:12.537696,1,-2.0956966582175967,15.30574562,0.0001891,53.1611,208.1245,48.5463,311.57,-0.0032408,-0.00096231,0.0
STARLINK-36488,2026-002B,2026-02-09T20:00:01.999008,1,-2.093043396633461,15.28425441,0.0002508,43.0007,122.8799,269.4511,149.5253,0.00041985,0.0001161,0.0
STARLINK-34194,2025-113K,2026-02-09T11:49:29.162496,1,-2.091757828715795,15.30218915,0.00025496,53.1585,221.7033,116.0232,244.1032,0.0012027382,0.00035455,0.0
STARLINK-35033,2025-195L,2026-02-09T09:07:06.774528,1,-2.088606422262987,15.3022354,0.00012325,53.1606,29.3731,24.7505,335.3555,0.001071563,0.00031535,0.0
STARLINK-36151,2025-299X,2026-02-09T18:56:26.651040,1,-2.08479221154036,15.40759536,0.0002184,43.0019,329.6461,240.9179,119.1459,0.0013746,0.0005767,0.0
STARLINK-1641,2020-057BK,2026-02-09T08:55:03.072576,1,-2.0838319815043707,15.44269359,0.00025517,53.0521,60.4424,29.584,330.5309,0.001074113,0.00050097,0.0
STARLINK-34613,2025-184X,2026-02-09T14:43:47.397792,1,-2.0790344740655873,15.05671639,0.00016637,97.6045,94.9432,41.6185,318.5169,0.00040865494,5.844e-05,0.0
STARLINK-6273,2023-061X,2026-02-09T04:45:37.132416,1,-2.07248259531098,15.02546449,5.12e-05,43.0021,339.7283,244.5409,115.538,-0.0001057,-1.631e-05,0.0
STARLINK-4264,2022-076H,2026-01-31T08:46:48.339264,1,-2.068022411019874,16.02700141,0.0002873,53.2162,247.6859,158.2213,201.8942,0.00020624,0.0012351,1.7937e-05
STARLINK-34712,2025-157D,2026-02-09T17:12:02.897280,1,-2.0673909193955735,15.39648184,0.0001322,53.1579,115.4126,82.8627,277.2528,0.0012112,0.00048401,0.0
STARLINK-5579,2023-028F,2026-02-09T19:14:27.447648,1,-2.065611506377201,14.98113523,0.0001599,70.001,314.7385,275.265,84.8326,-0.0021811,-0.00025875,0.0
STARLINK-34201,2025-107P,2026-02-09T06:55:56.119008,1,-2.0597326907396334,15.27606785,7.94e-05,43.0028,2.228,21.5523,338.5362,0.0013226,0.00036342,0.0
STARLINK-1434,2020-035BH,2026-02-09T12:33:25.560000,1,-2.058791363502197,15.23974881,0.00015802,53.0507,150.2032,351.0688,9.0281,0.0028076259,0.00069153,0.0
STARLINK-30245,2023-119L,2026-02-08T21:04:26.894784,1,-2.0578805535608016,15.0254594,0.00034596,42.9948,238.0229,36.1909,323.9166,-0.00093313623,-0.00012791,0.0
STARLINK-3868,2022-052BD,2026-02-09T08:14:54.180096,1,-2.050502126046774,15.08837673,9.992e-05,53.2191,26.2228,82.664,277.4465,1.8037813e-05,-1e-08,0.0
STARLINK-4352,2022-077E,2026-02-09T11:53:22.261920,1,-2.0471701858866567,15.01250019,0.00021681,97.6016,222.6502,57.7708,302.3726,0.00054611942,6.961e-05,0.0
STARLINK-3988,2022-052AD,2026-02-09T09:01:17.912064,1,-2.044497818657286,15.08839399,0.00020141,53.2186,36.2257,94.5561,265.5661,2.0257275e-05,3.4e-07,0.0
STARLINK-5729,2023-020AD,2026-02-09T15:11:43.830816,1,-2.043903166595935,15.02515991,6.51e-05,43.0007,156.6802,278.3931,81.6838,-0.00012517,-1.893e-05,0.0
STARLINK-4337,2022-077L,2026-02-09T11:55:41.867040,1,-2.042141676599909,15.012647,0.00025599,97.602,222.6234,51.9224,308.2231,0.00014296655,1.779e-05,0.0
STARLINK-3352,2022-005AV,2026-02-09T10:36:30.508128,1,-2.040447149840513,15.22841036,0.00019966,53.1989,66.5165,16.3648,343.7414,0.0018961061,0.0004489,0.0
STARLINK-11361 [DTC],2024-187M,2026-02-09T10:53:04.139232,1,-2.033607347434406,15.69818786,0.00016438,53.1569,75.5823,132.0296,228.0862,0.0016896292,0.00210327,0.0
STARLINK-35137,2025-212L,2026-02-09T16:22:45.802848,1,-2.032615085300869,15.39648306,0.0001229,53.1577,107.3282,88.5523,271.5623,0.0012435,0.0004971,0.0
STARLINK-30052,2023-119K,2026-02-08T22:44:55.728672,1,-2.0305695844001272,15.02535827,2.398e-05,43.0031,237.6747,184.2954,175.7886,3.8395691e-05,3.15e-06,0.0
STARLINK-31145,2024-011D,2026-02-09T20:00:01.999008,1,-2.0305146282728246,15.78244163,0.0015411,53.1259,143.1048,353.1688,261.3792,0.0067419,0.01326079,0.0
STARLINK-1060,2019-074BE,2026-02-09T23:55:23.954592,1,-2.0278521207081424,16.16512956,0.0006276,53.0317,260.5805,251.0149,109.0207,0.00078241,0.01173159,0.00099827
STARLINK-36124,2025-299V,2026-02-09T04:27:15.564384,1,-2.0250002509646454,15.40733254,0.0001114,43.0024,332.848,273.9559,86.117,0.0011105,0.00046417,0.0
STARLINK-5979,2023-058AE,2026-02-09T13:46:18.906816,1,-2.0222855500996055,15.01263414,0.0002638,97.6035,42.6945,167.0582,193.071,-1.6527e-06,-8e-07,0.0
STARLINK-35567,2025-262S,2026-02-09T14:24:04.916160,1,-2.021166296763508,15.27588824,0.0001232,43.0024,94.5321,346.6917,13.3902,0.00077,0.00020992,0.0
STARLINK-5467,2023-021AJ,2026-02-09T20:00:01.999008,1,-2.0203349870700165,14.98328242,0.0002988,70.0002,234.5308,272.4471,174.7237,0.00077132,9.122e-05,0.0
STARLINK-30094,2023-056V,2026-02-09T08:31:13.463616,1,-2.0193791132233567,15.0253632,0.00039193,43.0151,3.9645,249.1352,110.9071,4.9691238e-05,4.67e-06,0.0
STARLINK-4202,2022-062U,2026-02-09T15:30:07.443072,1,-2.018799725458851,15.08842891,6.9e-05,53.2169,160.0135,53.7158,306.3898,3.8522e-05,3.26e-06,0.0
STARLINK-34388,2025-123D,2026-02-09T18:34:17.463936,1,-2.016745566674622,14.98416791,0.0003958,69.9995,264.972,293.8776,66.1968,-0.0019791,-0.00023682,0.0
STARLINK-34005,2025-098K,2026-02-09T06:52:49.240992,1,-2.0138489303154907,14.98336189,0.0002407,70.003,346.238,292.1068,67.9835,7.5463e-05,8.08e-06,0.0
STARLINK-34691,2025-212R,2026-02-09T12:29:00.019968,1,-2.01247663465629,15.3962991,0.0001058,53.1576,107.7386,87.3365,272.7761,0.00099202,0.00039499,0.0
STARLINK-30817,2023-171J,2026-02-09T04:22:47.014176,1,-2.012351081856071,15.02540301,0.00025726,43.0025,81.1931,166.8381,193.2529,-3.6030951e-05,-6.91e-06,0.0
STARLINK-4622,2022-105A,2026-02-09T15:37:24.400704,1,-2.011464243418398,15.01260746,9.15e-05,97.6028,282.7544,113.0448,247.0873,1.5861e-05,1.46e-06,0.0
STARLINK-1067,2019-074BL,2026-02-09T22:00:03.000096,1,-2.0049376620416486,15.52027948,0.0001638,53.0547,338.3214,100.562,246.9962,0.00073767,0.0004499,0.0
STARLINK-31822,2024-090Y,2026-02-09T16:00:00.999936,1,-2.00440852745508,15.27555102,0.0001703,43.0017,341.6318,267.5468,169.9918,0.0011127,0.00030459,0.0
STARLINK-36255,2025-299A,2026-02-09T05:15:40.383360,1,-2.002973795243791,15.40742486,0.0001436,43.002,333.1129,273.8667,86.2026,0.0020012,0.00084341,0.0
STARLINK-35694,2025-257K,2026-02-09T20:00:01.999008,1,-2.0022550287321765,15.3018568,0.0001626,53.1613,346.1835,81.4505,212.2647,0.0015915,0.00047055,0.0
STARLINK-5853,2023-083F,2026-02-08T21:12:29.518272,1,-2.0015329046497974,15.02542816,0.00010416,43.0015,238.6123,302.4823,57.5918,0.00010303007,1.189e-05,0.0
STARLINK-2609,2021-038W,2026-02-09T15:26:42.440928,1,-2.000269397328794,15.29957876,0.0002149,53.1581,115.7636,99.1574,260.967,0.0013387,0.00039202,0.0
STARLINK-1972,2021-012H,2026-02-09T10:33:06.103872,1,-1.9995941146347218,15.43416825,0.0001807,53.0545,99.0791,61.146,298.9726,0.00068878656,0.00030977,0.0
STARLINK-33848,2025-087J,2026-02-09T02:15:06.586272,1,-1.9985520065848206,15.30180433,7.985e-05,53.1598,352.2279,44.8707,315.2358,0.00073271385,0.00021391,0.0
STARLINK-32155,2024-131V,2026-02-09T15:39:14.196960,1,-1.9976133395599143,15.30198434,6.24e-05,53.1605,182.8261,21.1134,338.9893,3.6893e-05,7.34e-06,0.0
STARLINK-6226,2023-065AT,2026-02-09T06:02:27.430368,1,-1.9975284291628932,15.02536602,8.48e-05,43.0028,17.32,307.8426,52.2339,-2.0382e-05,-4.79e-06,0.0
STARLINK-3920,2022-051AR,2026-02-09T16:59:35.213280,1,-1.9968130755507079,16.08264374,0.0007582,53.194,155.7937,349.2762,10.811,0.00072512,0.00626632,0.00021121
STARLINK-2646,2021-044E,2026-02-09T20:00:01.999008,1,-1.9964087881284924,15.3018285,0.0001508,53.1583,243.3321,86.2964,145.177,0.00012727,3.41e-05,0.0
STARLINK-34608,2025-150W,2026-02-09T17:51:01.575936,1,-1.994199718201419,14.99149521,0.0007723,70.0024,204.7994,305.8537,54.1904,0.047429,0.00616218,0.0
STARLINK-36132,2025-293AB,2026-02-09T18:38:07.741536,1,-1.993895226667885,15.00614737,0.0006264,70.0007,164.9557,289.3465,70.7018,0.11143,0.01532807,0.0
STARLINK-33996,2025-098U,2026-02-09T08:00:01.999872,1,-1.9926133247520377,14.98329308,0.00029837,70.002,346.0261,275.5057,66.3467,0.0016992227,0.0002024,0.0
STARLINK-34560,2025-142E,2026-02-09T09:21:04.498560,1,-1.9923303899999922,14.95896421,0.00027312,70.0036,25.708,293.7759,66.3112,0.0013622177,0.0001521,0.0
STARLINK-3178,2022-010M,2026-02-09T09:15:51.814368,1,-1.990367822278434,15.08844332,0.00012029,53.217,46.1791,114.7444,245.3673,-0.00015801074,-2.802e-05,0.0
STARLINK-1621,2020-057L,2026-02-09T22:00:03.000096,1,-1.9877490086502072,15.66531254,0.0003969,53.0477,21.4682,118.3575,328.9264,0.0026328,0.0028967,0.0
STARLINK-35781,2025-299J,2026-02-09T04:36:55.844928,1,-1.9859255476009836,15.40701216,0.0002285,43.0018,332.905,246.3442,113.7175,0.0015423,0.00064673,0.0
STARLINK-34466,2025-244W,2026-02-09T07:13:55.665408,1,-1.98455775399816,15.3019981,0.000234,53.1609,1.7347,88.168,271.9589,-0.00022068,-6.89e-05,0.0
STARLINK-2068,2021-017A,2026-02-09T20:00:01.999008,1,-1.9831847959586846,15.29358233,0.0001717,53.1568,320.3962,79.4465,208.8659,0.00052938,0.00014951,0.0
STARLINK-6171,2023-083H,2026-02-05T22:55:41.694816,1,-1.98294534008611,15.02421421,2.88e-05,42.9999,254.487,293.1754,66.9057,0.001623,0.00021721,0.0
STARLINK-5136,2023-061AS,2026-02-09T05:03:03.834720,1,-1.9820228028050006,15.02512052,5.94e-05,43.0057,338.9528,9.5933,350.4921,-0.0001751,-2.566e-05,0.0
STARLINK-36427,2026-002AE,2026-02-08T06:25:05.944224,1,-1.9812319204006954,15.40751348,6.92e-05,42.9972,131.8894,212.9932,147.0881,0.0017095,0.00071903,0.0
STARLINK-34484,2025-126Y,2026-02-09T13:43:05.703456,1,-1.975877982841234,14.98382355,0.0002806,70.0012,105.2057,275.7331,84.3509,0.0021574,0.00025778,0.0
STARLINK-1769,2020-062BK,2026-02-10T00:04:49.216224,1,-1.9752632767644684,16.09577589,0.0007062,53.0265,33.6126,89.4621,270.7221,0.0012271,0.01145366,0.00080785
STARLINK-36256,2025-299B,2026-02-09T05:09:11.267136,1,-1.9707692209008776,15.40709904,0.0002719,42.9996,333.088,303.0695,56.99,0.0014127,0.00059189,0.0
STARLINK-4595,2022-104AR,2026-02-09T04:06:28.376928,1,-1.9691700154809282,15.08830026,0.0001343,53.2187,1.8627,64.2581,295.855,0.00010236,1.341e-05,0.0
STARLINK-5000,2022-119BB,2026-02-09T10:44:36.421728,1,-1.9630811285578258,15.08835439,0.00010372,53.2176,55.782,75.1814,284.9293,3.4695449e-05,2.64e-06,0.0
STARLINK-4336,2022-077J,2026-02-09T12:11:40.819776,1,-1.9613290913331203,15.01262694,0.00027987,97.6017,222.6179,51.7693,308.3783,1.8309683e-05,1.77e-06,0.0
STARLINK-35533,2025-259H,2026-02-09T13:52:57.137376,1,-1.9570264637472063,15.27601999,3.6e-05,42.9963,72.9668,343.9418,16.1422,0.00079356,0.00021654,0.0
STARLINK-6170,2023-090AE,2026-02-09T09:54:21.472128,1,-1.9567524102322031,15.0252647,0.00020101,43.0051,55.8088,260.9059,99.1556,-6.2939708e-05,-1.054e-05,0.0
STARLINK-4341,2022-077K,2026-02-09T12:06:20.950560,1,-1.9565104893117322,15.01260432,0.00029578,97.6021,222.632,56.175,303.9755,2.2830228e-05,2.35e-06,0.0
STARLINK-4345,2022-077G,2026-02-09T12:01:01.203168,1,-1.9546189061390926,15.01268773,0.00027598,97.6021,222.6325,29.2565,330.8814,0.00010393633,1.277e-05,0.0
STARLINK-1297,2020-019AM,2026-02-09T20:35:08.640960,1,-1.9512826749595065,15.48762659,0.0002536,53.0515,264.5118,136.1191,224.0018,0.0010285,0.0005608,0.0
STARLINK-4478,2022-101C,2026-02-09T18:00:47.130336,1,-1.9502018102072132,15.09289615,0.000102,53.2149,199.5367,55.5208,304.5881,0.0016809,0.00026898,0.0
STARLINK-32799,2025-019U,2026-02-09T08:00:01.999872,1,-1.9496524494607683,15.27587255,0.0001577,43.0002,248.9505,265.0947,185.3605,4.9684052e-05,1.106e-05,0.0
STARLINK-34932,2025-175F,2026-02-09T14:45:46.322208,1,-1.9484271082830493,15.05648183,0.0003312,97.5985,274.9492,110.1218,250.0365,9.715e-05,1.341e-05,0.0
STARLINK-30768,2023-162C,2026-02-09T01:30:54.468288,1,-1.9456956128472513,15.02534053,0.00014521,42.9981,288.6671,18.4229,341.6666,1.2173902e-05,-3.9e-07,0.0
STARLINK-2681,2021-040AP,2026-02-09T04:25:45.241824,1,-1.945659502411079,15.06411466,0.000213,53.0541,319.5851,46.9398,313.1769,0.00061529,8.898e-05,0.0
STARLINK-36154,2025-286Q,2026-02-09T16:00:00.999936,1,-1.9453607788933038,15.395771,0.0001365,53.1576,128.8329,79.7441,266.8019,0.0018619,0.00074702,0.0
STARLINK-3983,2022-052W,2026-02-09T09:33:02.215584,1,-1.9427313781250581,15.08865376,0.00012431,53.2178,36.1241,123.4923,236.6188,0.00020736317,3.016e-05,0.0
STARLINK-1672,2020-070F,2026-02-09T19:30:53.574048,1,-1.941115713989674,15.49428979,0.0002604,53.0498,272.6978,55.1936,304.9316,0.00068389,0.00037938,0.0
STARLINK-2588,2021-038AX,2026-02-09T11:46:59.080512,1,-1.940397541057516,15.13163579,0.00041415,53.0729,106.9249,21.9578,338.1591,0.0018746712,0.00033495,0.0
STARLINK-31676,2024-100R,2026-02-07T22:10:22.333440,1,-1.9388217371966916,15.27714659,0.0002223,43.0003,293.5752,202.8749,157.2004,0.00026614,7.098e-05,0.0
STARLINK-5874,2023-058AN,2026-02-09T16:26:16.587744,1,-1.9378721290847263,15.01261042,0.0001018,97.6052,42.868,90.1925,269.9416,9.9286e-05,1.217e-05,0.0
STARLINK-32200,2024-131D,2026-02-09T15:49:52.653216,1,-1.9372929788540478,15.30195596,4.82e-05,53.1599,182.8724,35.0585,325.0448,1.4777e-05,7.9e-07,0.0
STARLINK-35059,2025-194W,2026-02-09T13:18:58.697856,1,-1.935611370446977,15.00472968,0.000179,97.6041,257.4711,349.4891,10.6295,0.0004675,5.829e-05,0.0
STARLINK-4174,2022-086AL,2026-02-09T00:25:12.281664,1,-1.9349858958061703,15.08893676,0.00016731,53.2201,312.8314,144.6328,215.4776,0.00063592516,9.862e-05,0.0
STARLINK-6039,2023-058C,2026-02-09T13:03:41.262048,1,-1.9308390796684356,15.01268277,0.0003627,97.6043,42.593,77.0308,283.1321,0.00010722,1.319e-05,0.0
STARLINK-36130,2025-286G,2026-02-09T16:00:00.999936,1,-1.930597533644082,15.3957752,0.000126,53.1573,128.8312,79.5471,268.8574,0.0018435,0.00073955,0.0
STARLINK-4317,2022-077R,2026-02-09T12:14:42.162144,1,-1.93050692038821,15.01261818,0.00027205,97.6023,222.6031,72.9275,287.2247,3.3951679e-05,3.78e-06,0.0
STARLINK-5183,2022-136AK,2026-02-09T11:34:19.991712,1,-1.929945053812602,15.08840572,7.914e-05,53.2181,100.8948,64.7601,295.3473,4.5565744e-05,4.38e-06,0.0
STARLINK-2052,2021-012AU,2026-02-09T15:59:08.882592,1,-1.9292343207840745,16.00842553,0.0006382,53.0316,110.0422,354.3593,5.7364,0.0011558,0.0063485,0.00019356
STARLINK-32249,2024-144V,2026-02-09T03:24:02.642400,1,-1.929170974383424,15.30169243,0.00029486,53.1623,349.3536,137.4531,222.6698,-0.00013501428,-4.353e-05,0.0
STARLINK-5990,2023-064A,2026-02-09T13:52:16.889664,1,-1.9256303970835262,14.99823789,0.0009553,69.999,215.3956,260.1288,99.8794,0.016466,0.00210501,0.0
STARLINK-4701,2022-107AD,2026-02-09T04:56:51.614016,1,-1.9253740262521397,15.08836139,0.0001424,53.2213,21.9733,130.4753,229.6363,-3.6986e-05,-8.76e-06,0.0
STARLINK-4447,2022-099H,2026-02-09T18:59:08.746944,1,-1.9250132025434232,15.01261037,0.0001671,97.6013,162.9009,94.6161,265.5254,3.6565e-05,4.11e-06,0.0
STARLINK-2195,2021-017BC,2026-02-09T20:00:01.999008,1,-1.9245413488078849,15.18816038,0.0001444,53.1061,346.2611,111.3408,170.3327,0.0051382,0.00109603,0.0
STARLINK-30494,2023-151G,2026-02-09T05:34:32.767680,1,-1.9234042101417477,15.40696653,0.0002282,43.0103,352.8624,251.0622,108.9987,-5.3921e-07,-3.27e-06,0.0
STARLINK-35245,2025-207H,2026-02-09T15:03:31.118400,1,-1.9219912736822782,15.05617766,3.936e-05,97.6027,111.076,51.9089,308.2173,-0.00048830488,-7.093e-05,0.0
STARLINK-34277,2025-112L,2026-02-09T16:37:28.388352,1,-1.9217216702619428,15.05666224,4.58e-05,97.6045,93.8919,37.6627,322.4631,0.00024284,3.446e-05,0.0
STARLINK-36127,2025-286L,2026-02-09T14:36:16.027776,1,-1.9213381870939923,15.39626068,9.63e-05,53.1581,129.1546,77.7977,282.3136,0.0010972,0.00043747,0.0
STARLINK-36109,2025-286U,2026-02-09T17:10:16.195008,1,-1.9205659252600555,15.39649586,9.89e-05,53.1571,128.396,76.9668,283.1447,0.0012198,0.0004875,0.0
STARLINK-5552,2023-058Y,2026-02-09T13:56:59.120448,1,-1.9197322101828092,15.01261182,0.0001058,97.6037,42.6861,96.6125,263.522,1.4321e-05,1.26e-06,0.0
STARLINK-11717 [DTC],2025-111D,2026-02-09T08:00:01.999872,1,-1.9195763504557983,15.70792882,0.00015303,42.9997,144.9461,270.4713,227.2153,0.0009090222,0.00117622,0.0
STARLINK-34611,2025-157Q,2026-02-09T20:00:01.999008,1,-1.918859315404711,15.30202557,0.0001408,53.1587,115.3498,79.3807,322.0847,-0.00054583,-0.00016491,0.0
STARLINK-4377,2022-084AJ,2026-02-09T17:41:22.906752,1,-1.9186043646378117,15.01261105,0.0003173,97.6043,102.831,157.8317,202.3045,8.8195e-06,5.5e-07,0.0
STARLINK-36179,2025-299T,2026-02-09T05:02:44.597760,1,-1.9167156794590023,15.40754863,6.74e-05,43.0027,333.0398,252.6457,107.4325,0.001656,0.00069633,0.0
STARLINK-4621,2022-105AE,2026-02-09T16:09:24.600096,1,-1.9159276302132764,15.01260407,0.0003895,97.6022,282.7891,47.6118,312.5436,1.8844e-05,1.84e-06,0.0
STARLINK-36449,2026-002D,2026-02-09T20:00:01.999008,1,-1.9156835474857128,15.28588435,0.0001068,43.0002,122.5853,271.0143,269.1729,-0.01019,-0.0027885,0.0
STARLINK-33985,2025-098T,2026-02-09T05:40:27.494976,1,-1.9137060428731307,14.98347691,0.0001809,70.0039,346.0571,254.0021,106.0939,-2.0491e-05,-3.37e-06,0.0
STARLINK-36195,2025-299Y,2026-02-09T04:40:10.446240,1,-1.9124236035915412,15.40743442,0.0002338,43.001,332.9202,249.1303,110.9303,0.0018127,0.00076293,0.0
STARLINK-3210,2021-115AH,2026-02-08T20:30:10.808928,1,-1.9093713783756356,15.08838202,0.00016517,53.2184,278.6183,149.5106,210.5983,-8.1901081e-05,-1.591e-05,0.0
STARLINK-35035,2025-192D,2026-02-09T16:00:00.999936,1,-1.9093195524105273,15.39577834,0.0001243,53.1604,4.2004,97.7598,134.1004,0.0010755,0.00042801,0.0
STARLINK-36169,2025-286E,2026-02-09T20:00:01.999008,1,-1.9078246494514588,15.39605712,0.0001049,53.1578,127.8911,79.1711,190.8423,0.00010164,3.667e-05,0.0
STARLINK-3450,2022-016W,2026-02-09T10:24:46.480320,1,-1.9047899353181883,15.08836063,8.654e-05,53.2172,85.9656,91.6396,268.4695,-0.00020255166,-3.509e-05,0.0
STARLINK-30866,2023-171H,2026-02-09T11:33:26.726112,1,-1.9046402681576322,15.02638523,0.00016131,43.0025,79.1462,264.0818,95.9841,-0.0018815535,-0.00025597,0.0
STARLINK-3141,2021-104BD,2026-02-09T05:41:16.169280,1,-1.903989264702466,15.08822648,0.0001751,53.2202,346.85,41.1799,318.9325,0.00058156,8.975e-05,0.0
STARLINK-3107,2021-082AT,2026-02-09T07:06:04.759488,1,-1.9035479457546092,15.09198759,0.0009004,69.9959,0.8685,280.0955,79.9193,0.0022531,0.00035997,0.0
STARLINK-30195,2023-102C,2026-02-09T08:44:29.244768,1,-1.9013307571971214,15.02540019,0.00010452,42.9973,42.9337,210.5853,149.4929,0.00014761864,1.791e-05,0.0
STARLINK-34642,2025-157G,2026-02-09T16:18:41.304672,1,-1.9011416516354498,15.39642012,0.0001409,53.1575,115.8962,68.246,291.8695,0.0012179,0.00048664,0.0
STARLINK-1474,2020-038J,2026-02-09T17:58:37.019712,1,-1.9006172126593295,16.0270451,0.0005845,53.023,206.0721,288.5309,71.5086,0.00080221,0.00491075,0.00011999
STARLINK-30952,2023-180D,2026-02-08T22:07:32.954016,1,-1.8987642028913065,15.02532354,0.0001145,43.0028,212.6913,294.1511,65.9212,1.0419128e-05,-6.3e-07,0.0
STARLINK-36196,2025-299F,2026-02-09T04:24:02.000736,1,-1.894459011966644,15.40765147,0.0001436,43.0017,332.8326,255.9585,104.1112,0.0012902,0.00054091,0.0
STARLINK-35685,2025-299AC,2026-02-09T04:49:50.109024,1,-1.8938544181394743,15.40706749,0.0001578,43.0029,332.9708,278.0978,81.97,0.0021422,0.00090266,0.0
STARLINK-31819,2024-090J,2026-02-09T16:00:00.999936,1,-1.8890567776682672,15.28314815,0.0001682,43.0027,341.7535,224.8719,162.3976,0.0020172,0.00056947,0.0
STARLINK-34303,2025-112Y,2026-02-09T14:05:57.186816,1,-1.8879932979406022,15.0567953,4.891e-05,97.6031,93.8856,38.5151,321.6111,0.00043058852,6.162e-05,0.0
STARLINK-4374,2022-105E,2026-02-09T15:26:44.252736,1,-1.8878610917794738,15.01255306,8.3e-05,97.6027,282.745,100.6127,259.519,-0.00010289,-1.379e-05,0.0
STARLINK-36121,2025-286R,2026-02-09T11:16:25.472064,1,-1.8871891975582806,15.39604024,0.00011892,53.1587,129.7121,102.9341,257.1797,0.00044239806,0.00017327,0.0
STARLINK-34091,2025-092E,2026-02-09T04:24:12.021408,1,-1.8861807482757516,15.27605853,1.1e-05,42.9968,333.6541,189.7365,170.3484,0.0011329,0.00031069,0.0
STARLINK-6251,2023-088AR,2026-02-07T23:54:01.852992,1,-1.8860648621371265,15.02533684,2.557e-05,42.9992,255.7604,297.2522,62.8294,4.0347457e-05,3.42e-06,0.0
STARLINK-36515,2026-005AC,2026-02-08T01:58:26.629824,1,-1.885972569114022,15.502711,0.00017393,43.0,47.3312,203.823,156.255,-0.003135777,-0.00178221,0.0
STARLINK-32858,2025-029Q,2026-02-09T16:00:00.999936,1,-1.8853381072530084,15.30172062,0.0001394,53.1612,2.2834,96.9966,200.7681,0.001006,0.00029528,0.0
STARLINK-5248,2022-141T,2026-02-09T11:29:37.765248,1,-1.881558967468465,15.08839149,0.00016287,53.2173,75.5051,117.386,242.7298,-0.00011384803,-2.099e-05,0.0
STARLINK-1477,2020-038AA,2026-02-09T02:31:48.115200,1,-1.879245277755457,15.12785534,0.00015394,53.0526,342.702,63.3311,296.7839,0.0016082925,0.00028365,0.0
STARLINK-1470,2020-038AU,2026-02-09T03:07:11.455680,1,-1.8773941136654326,15.25307038,0.00021587,53.0511,306.59,111.2703,248.8525,0.00052153717,0.0001299,0.0
STARLINK-2387,2021-018V,2026-02-09T20:00:01.999008,1,-1.8758905240962516,15.17915521,0.0001713,53.1018,11.3484,111.7873,149.5322,0.0056778,0.00118181,0.0
STARLINK-31704,2024-076Y,2026-02-09T06:49:07.033152,1,-1.8738604385101927,15.29877519,0.0003956,42.9994,125.2812,349.6049,10.4721,0.00038654,0.00011164,0.0
STARLINK-6316,2023-099H,2026-02-09T10:02:40.027776,1,-1.8707964182611412,15.02539921,0.00022435,43.0075,42.616,292.9521,67.1084,2.852872e-06,-1.65e-06,0.0
STARLINK-33590,2025-123AB,2026-02-09T20:00:01.999008,1,-1.8695271191631977,14.98344141,0.0002728,70.0013,264.6356,270.5031,207.6143,-0.0020278,-0.00024213,0.0
STARLINK-4316,2022-099G,2026-02-09T07:32:00.024288,1,-1.8688535846086587,15.05642605,7.72e-05,97.6013,163.214,18.0219,342.1035,-1.2498e-05,-2.41e-06,0.0
STARLINK-3778,2022-041R,2026-02-09T18:49:31.194048,1,-1.8655599412801909,15.08836078,0.0002249,53.2163,234.3918,139.7874,220.3284,0.00014389,2.002e-05,0.0
STARLINK-1222,2020-012BC,2026-02-09T16:11:50.683488,1,-1.8652623879639996,15.47257798,0.0002029,53.0556,116.9263,20.0923,340.0163,0.00070294,0.00036126,0.0
STARLINK-36067,2025-288G,2026-02-09T16:28:51.446784,1,-1.8644128341845125,15.40766208,0.0001922,42.9961,182.5679,350.7137,9.3684,0.0011353,0.00047522,0.0
STARLINK-4383,2022-099J,2026-02-09T19:29:45.446784,1,-1.8625579155101213,15.05649123,0.0001379,97.6032,163.7746,91.622,268.5165,5.049e-05,6.68e-06,0.0
STARLINK-3851,2022-045P,2026-02-09T03:57:56.368800,1,-1.8610165743722191,15.0883366,0.00023038,53.2196,327.2367,96.97,263.1554,-2.1835779e-05,-6.36e-06,0.0
STARLINK-5074,2023-014AZ,2026-02-09T16:10:49.514880,1,-1.8597627984936096,14.98330724,0.0002338,70.0011,134.9228,269.5141,90.575,-1.0985e-05,-2.24e-06,0.0
STARLINK-30101,2023-056R,2026-02-09T07:14:43.449792,1,-1.8597096178356598,15.02524264,0.0002111,43.0046,4.5224,257.1867,102.8739,-6.5502e-05,-1.088e-05,0.0
STARLINK-30977,2023-183Y,2026-02-09T11:51:09.637056,1,-1.8595748113656743,15.02516192,0.0002054,43.0035,196.4593,310.7481,49.3183,-1.068174e-05,-3.48e-06,0.0
STARLINK-31842,2024-084U,2026-02-09T20:00:01.999008,1,-1.8591766622768577,15.27533627,0.0001336,42.9994,195.742,279.1134,15.7559,0.0026962,0.0007458,0.0
STARLINK-4360,2022-099T,2026-02-09T18:21:48.887424,1,-1.8580546045225526,15.01260939,0.0002707,97.6029,162.8939,157.6721,202.4621,5.1488e-05,6.03e-06,0.0
STARLINK-1642,2020-057AP,2026-02-09T21:42:26.003232,1,-1.8575205479116235,15.99483589,0.0006987,53.0338,12.0514,80.4056,279.7762,0.0019393,0.00983282,0.00047718
STARLINK-1043,2019-074AM,2026-02-09T01:52:45.686784,1,-1.8555979490575272,15.51735928,0.00027139,53.0544,332.3328,60.9179,299.2101,0.00051794998,0.00031066,0.0
STARLINK-34719,2025-158M,2026-02-09T14:48:54.759744,1,-1.8532779958077754,15.05645571,0.0003521,97.599,266.4439,106.2447,253.9168,0.00035133,5.012e-05,0.0
STARLINK-34424,2025-123E,2026-02-09T17:10:48.091296,1,-1.8527750087729493,14.96275422,0.000842,70.0004,265.1681,47.2364,312.9501,-0.084297,-0.00884417,0.0
STARLINK-4322,2022-077AM,2026-02-09T11:13:01.186176,1,-1.8481122490704565,15.01262362,0.00026584,97.6022,222.5779,170.893,189.2343,-3.9876422e-05,-5.71e-06,0.0
STARLINK-33882,2025-091P,2026-02-08T00:00:02.000160,1,-1.8468670308637207,15.27552184,0.00014341,43.0021,220.1807,274.1223,17.4177,0.0021066283,0.00058116,0.0
STARLINK-1484,2020-038AC,2026-02-09T22:00:03.000096,1,-1.845162524708312,15.86053988,0.0002832,53.0035,198.8084,277.9014,72.9735,0.0010119,0.00262317,0.0
STARLINK-11555 [DTC],2025-027J,2026-02-09T20:00:01.999008,1,-1.845035529181382,15.70760529,0.000181,42.9999,155.8478,280.7264,235.4235,0.00081867,0.0010559,0.0
STARLINK-35006,2025-184M,2026-02-09T14:15:53.010720,1,-1.8442913083633072,15.05643397,0.00019567,97.6035,94.9716,155.8237,204.3082,0.0001820815,2.567e-05,0.0
STARLINK-35060,2025-212T,2026-02-09T11:22:16.169664,1,-1.8420402234573832,15.39635187,0.000162,53.1569,108.1588,69.3995,290.7184,0.00075916492,0.00030102,0.0
STARLINK-3902,2022-049AN,2026-02-09T15:14:54.792960,1,-1.8399245965566202,15.08848684,0.0001223,53.2187,175.1669,117.6053,242.5063,5.2534e-05,5.49e-06,0.0
STARLINK-30174,2023-119H,2026-02-08T21:13:59.606688,1,-1.8394889727206087,15.02538846,8.787e-05,43.0023,238.0617,239.6598,120.4158,6.1480271e-05,6.27e-06,0.0
STARLINK-2471,2021-027AP,2026-02-09T20:00:01.999008,1,-1.838841318101172,15.30218885,0.0001444,53.1606,294.9592,77.7269,315.2987,-0.00054328,-0.00016424,0.0
STARLINK-35660,2025-293A,2026-02-09T15:44:22.852320,1,-1.8388145304238936,14.98412699,0.0003893,70.0008,165.3423,293.295,66.7799,0.00056477,6.667e-05,0.0
STARLINK-34015,2025-093U,2026-02-08T21:21:48.651552,1,-1.8356793665208926,15.27600525,5.513e-05,42.9979,240.873,49.5906,310.4994,0.00050990826,0.00013805,0.0
STARLINK-36623,2026-020AD,2026-02-09T20:00:01.999008,1,-1.834206433671167,15.82138188,0.0001466,42.9986,311.2997,251.9454,31.0395,-0.0010158,-0.00210511,0.0
STARLINK-6197,2023-078A,2026-02-09T10:58:48.636768,1,-1.8314733871557691,15.15657792,0.00077389,69.9921,62.95,259.9178,100.1117,-0.00022640982,-4.428e-05,0.0
STARLINK-1373,2020-025P,2026-02-09T22:00:03.000096,1,-1.830454516588489,15.45517649,0.0003618,53.0515,221.8587,216.6317,28.4345,0.0036391,0.00181248,0.0
STARLINK-5024,2022-119R,2026-02-09T20:00:01.999008,1,-1.8294719106469632,15.81104892,9.94e-05,53.2063,22.7495,103.9725,263.5912,0.00033403,0.00066444,0.0
